Fecha,Turno,TAC,Codigo,Linea,Lote,Hora,Etapa,Ver,Agrupador,Categoria,Proteina (%),Humedad (%),Grasa (%),Ceniza (%),Fibra (%),Proteina F.(%),Humedad F.(%),Lipidos F. (%),Ceniza F.(%),Fibra F.(%),Almidon F. (%),VQ - Proteina R.(%),"VQ - Humedad R.(%) ",VQ - Grasa E.E R.(%),VQ - Grasa H.A R.(%),VQ - % Ceniza,VQ - % Fibra,VQ - % AlmidĂ³n,VQ - CALCIO,VQ - FOSFORO,VQ - MAGNESIO,VQ - POTASIO,VQ - SODIO,VQ - COLESTEROL mg/100g,VQ - Aw,AF - W2,AF - PM,AF - Hidroestabilidad,AF - <600,AF - 600-700,AF - 700-800,AF - 800-900,AF - 900-1,"AF - 1-1,1","AF - 1,1-1,2","AF - 1,2-1,3","AF - 1,3-1,4","AF - 1,4-1,5","AF - 1,5-1,6","AF - 1,6-1,7",AF - >1.7,AF - Conforme Longitud,AF - Longitud <=  10.00 %,"AF - <250 ","AF - 0.250 - 0.500 ","AF - 0.500 - 0.600 ","AF - 0.600 - 0.700 ","AF - 0.700 - 0.800 ","AF - 0.800 - 0.900 ","AF - 0.900 - 1.0 ",AF - 1 - 1.10,AF - >1.10,AF - Conforme Diametro,AF - Diametro <=  10.00 %,AF - Apariencia,AF - % Rebabas,AF - % de Finos <250 um,PPG - Peso,PPG - Particulas,PPG - Part./g,FH - PESO2,"FH - Pellets que Flotan 140 PPT ",FH - Flotabilidad % 140 (10s)ppt,FH - Tiempo de Hundimiento 140ppt(seg)2,FH - % Hundimiento 140,DE - VOL.1,DE - VOL.2,DE - DIF. VOLUMEN,DE - PESO,DE - DENSIDAD ESPECIFICA (kg/L),DA - PESO3,DA - VOLUMEN DEL VASO,DA - DENSIDAD APARENTE  (g/L),R140 - Peso./g,R140 - Part.g /25 gr,"R140 - Minuto""5"" ","R140 - Minuto  ""15"" ","R140 - Minuto  ""30"" ","R140 - Minuto  ""60"" ",R140 - % Reflote 140 PPT,D. Empleo,Autorizado por:,Cantidad de Bolsas,Cantidad de Bolsas 2,Cantidad de Bolsas 3,Cantidad de Bolsas 4,Total Bolsas,TN,Codigo QM,Motivo Pulmon,Observaciones,Causas Pulmon
1/1/2026,I,CSIVINCHAV,7530432,A,PE260101A0,10:00:00,PT,256,HD14257,Nicovita classic Camarï¿½n,35.5-37.5,5.5-11.5,6.5-10,12,2.5,37.28,11.50,7.82,11.94,2.50,13.22,39.20,11.51,5.20,7.06,9.52,1.97,14.45,1.44,1.05,0.36,1.56,0.72,92.43,0.64,135,170,BUENA,0.04,0.23,5.63,35.38,23.73,12.43,7.71,4.51,2.9,1.8,1.27,4.37,0,27.55,72.45,0.03,0.19,0.27,0.48,12.78,76.03,9.04,0.39,0.79,97.85,2.15,BUENA,0.50%,0.06%,0.045,63,1400,15,2,0.01%,15,99.99%,50,74,24,30,1.25,217,0.3,723,25,35000,1,1,1,1,0.003%,Concesiï¿½n,PIERO A.,226,,,,226,5.65,40000482596,Proteï¿½na_baja,"Proteina alta 39.20 / Flotabilidad 0.01 / Densidad 1.25 /  Conformidad Long 27.55 ",Variabilidad de proceso
1/2/2026,I,CSIVINCHAV,7530432,A,PE260102A0,14:45:00,ARRANQUE,256,HD14257,Nicovita classic Camarï¿½n,35.5-37.5,5.5-11.5,6.5-10,12,2.5,37.28,11.50,7.82,11.94,2.50,13.22,39.84,8.69,5.25,7.27,10.35,1.95,14.62,1.29,1.12,0.36,1.73,0.86,83.75,0.49,145,190,BUENA,0.03,0.41,9.67,50.9,20.74,5.99,3.18,1.97,1.37,1.14,0.97,3.63,0,12.51,87.49,0.13,0.28,0.47,0.76,13.64,71.24,12.78,0.36,0.34,97.66,2.34,BUENA,0.50%,,0.032,50,1563,15,5,0.02%,10,99.98%,50,73.8,23.8,30,1.26,,0.3,0,25,39063,0,0,0,0,0.000%,,,,,,,0,0,,,,
1/2/2026,I,CSIVINCHAV,7530498,B,PE260102B0,14:46:00,ARRANQUE,160,HD14387,Nicovita Katal Camarï¿½n,42.5-44.5,5.5-11.5,6.0-10,13,2.6,42.50,11.50,6.00,10.72,2.00,14.00,42.38,10.12,7.57,9.22,9.72,1.34,14.55,1.60,1.25,0.27,1.61,0.67,166.24,0.58,130,160,BUENA,0.01,0.04,1.06,14.99,27.85,24.64,13.37,5.4,2.52,1.68,1.48,6.96,0,45.93,54.07,0.01,0.28,0.06,0.28,3.37,54.35,30.35,6.94,4.36,88.07,11.93,REGULAR,0.90%,,0.031,38,1226,15,15,0.08%,33,99.92%,50,74,24,30,1.25,,0.3,0,25,30645,20,20,30,30,0.098%,,,,,,,0,0,,,,
1/2/2026,I,CSIVINCHAV,7530432,A,PE260102A0,16:50:00,PT,256,HD14257,Nicovita classic Camarï¿½n,35.5-37.5,5.5-11.5,6.5-10,12,2.5,37.28,11.50,7.82,11.94,2.50,13.22,39.84,8.77,4.91,6.94,10.65,1.89,14.39,1.32,1.15,0.37,1.69,0.95,89.25,0.49,140,180,BUENA,0.03,1.16,13.85,29.72,13.54,7.51,5.67,4.46,3.76,3.21,2.77,14.32,0,21.40,78.60,0.36,1.73,1.08,2.31,34.99,51.59,4.97,1.21,1.76,91.55,8.45,BUENA,0.55%,0.05%,0.034,54,1588,15,10,0.04%,25,99.96%,50,73.5,23.5,30,1.28,215,0.3,717,25,39706,10,10,15,15,0.038%,Concesiï¿½n,PIERO A.,462,,,,462,11.55,40000482597,Longitud,Proteina alta 39.84 / Reflote 0.038 / Flotabilidad 0.04 / Densidad 1.28 /  Conformidad Long 21.40,Variabilidad de proceso
1/2/2026,I,CSIVINCHAV,7530498,B,PE260102B0,16:50:00,PT,160,HD14387,Nicovita Katal Camarï¿½n,42.5-44.5,5.5-11.5,6.0-10,13,2.6,42.50,11.50,6.00,10.72,2.00,14.00,43.24,7.63,7.77,9.58,10.04,1.35,15.34,1.71,1.32,0.28,1.58,0.68,169.60,0.44,132,164,BUENA,0.03,0.03,1.3,12.18,26.07,19.6,8.71,4.29,2.95,2.86,3.21,18.77,0,35.55,64.45,0.19,0.67,0.62,0.78,5.87,34.19,32.15,13.39,12.14,72.21,27.79,BUENA,1.00%,0.06%,0.035,44,1257,15,25,0.13%,45,99.87%,50,74,24,30,1.25,220,0.3,733,25,31429,35,35,40,40,0.127%,Concesiï¿½n,PIERO A.,170,,,,170,4.25,40000482598,Diï¿½metro_y_longitud,Flotabilidad 0.13 / Reflote 0.127 / Densidad 1.25 /  Conformidad Long 35.55 / Conformidad diametro 72.21,Variabilidad de proceso
1/2/2026,I,CSIVINCHAV,7530904,B,PE260102B0,18:00:00,ARRANQUE,11,HD14399,Nicovita Katal Camarï¿½n,42.5-44.5,5.5-11.5,6.0-10,13,2.6,42.50,11.50,7.08,10.76,2.13,12.00,43.56,6.97,8.26,9.78,9.91,1.68,13.88,1.85,1.31,0.30,1.43,0.57,123.90,0.41,134,168,BUENA,0.02,0.06,1.04,9.3,20.7,20.48,17.84,13.22,7.02,3.41,1.75,5.16,0,58.56,41.44,0.07,0.28,0.29,0.45,4.34,49.01,39.16,5.6,0.8,92.51,7.49,BUENA,0.56%,,0.039,50,1282,15,15,0.08%,35,99.92%,50,74.8,24.8,30,1.21,,0.3,0,25,32051,25,25,30,30,0.094%,,,,,,,0,0,,,,
1/2/2026,II,DAGUIRREG,7530432,A,PE260102A0,19:40:00,ARRANQUE,256,HD14257,Nicovita classic Camarï¿½n,35.5-37.5,5.5-11.5,6.5-10,12,2.5,37.28,11.50,7.82,11.94,2.50,13.22,38.98,10.27,5.17,7.12,10.66,1.95,14.10,1.30,1.06,0.35,1.70,0.99,83.58,0.6,128,156,BUENA,0.03,0.26,4.32,25.88,32.33,13.18,6.2,4.31,3.58,3.09,2.41,4.41,0,27.27,72.73,0.01,0.19,0.3,0.6,9.68,52.82,31.34,4,1.06,93.84,6.16,BUENA,0.38%,,0.034,50,1471,15,36,0.16%,40,99.84%,50,74,24,30,1.25,,0.3,0,25,36765,2,2,2,2,0.005%,,,,,,,0,0,,,,
1/2/2026,II,DAGUIRREG,7530904,B,PE260102B0,19:40:00,ZARANDA,11,HD14399,Nicovita Katal Camarï¿½n,42.5-44.5,5.5-11.5,6.0-10,13,2.6,42.50,11.50,7.08,10.76,2.13,12.00,43.27,8.14,8.19,9.60,9.77,1.56,13.67,1.89,1.25,0.23,1.35,0.52,134.38,0.36,130,160,BUENA,0.01,0.07,1.37,10.99,19.82,19.55,17.57,12.46,7.14,3.93,2.13,4.96,0,56.72,43.28,0.01,0.07,0.09,0.21,4.14,56.15,35.03,3.65,0.65,95.32,4.68,BUENA,0.40%,,0.036,48,1333,15,30,0.15%,55,99.85%,50,73.5,23.5,30,1.28,,0.3,0,25,33333,15,15,15,15,0.045%,,,,,,,0,0,,,,
1/2/2026,II,DAGUIRREG,7530432,A,PE260102A0,21:20:00,ZARANDA,256,HD14257,Nicovita classic Camarï¿½n,35.5-37.5,5.5-11.5,6.5-10,12,2.5,37.28,11.50,7.82,11.94,2.50,13.22,38.61,10.54,5.25,7.23,10.97,1.94,13.78,1.29,1.05,0.36,1.69,1.09,80.88,0.58,128,156,BUENA,0.01,0.13,3.39,22.96,34.42,16.79,7.83,4.8,2.98,2.01,1.4,3.28,0,32.40,67.60,0.01,0,0,0.13,3.39,22.96,34.42,16.79,22.3,60.77,39.23,BUENA,0.18%,,0.034,40,1176,15,20,0.11%,35,99.89%,50,74,24,30,1.25,,0.3,0,25,29412,2,4,4,4,0.014%,,,,,,,0,0,,,,
1/2/2026,II,DAGUIRREG,7530904,B,PE260102B0,21:20:00,ZARANDA,11,HD14399,Nicovita Katal Camarï¿½n,42.5-44.5,5.5-11.5,6.0-10,13,2.6,42.50,11.50,7.08,10.76,2.13,12.00,42.93,8.57,8.21,9.77,9.67,1.54,13.26,1.99,1.24,0.22,1.33,0.51,133.86,0.54,130,160,BUENA,0.04,0.1,1.74,13.99,24.41,22.54,17.32,10.27,4.56,1.91,0.94,2.18,0,54.69,45.31,0.01,0.3,0.07,0.32,3.81,56.91,35.32,3.04,0.22,96.04,3.96,BUENA,0.20%,,0.035,38,1086,15,15,0.09%,40,99.91%,50,74,24,30,1.25,,0.3,0,25,27143,10,10,10,10,0.037%,,,,,,,0,0,,,,
1/2/2026,II,DAGUIRREG,7530432,A,PE260102A0,23:20:00,ZARANDA,256,HD14257,Nicovita classic Camarï¿½n,35.5-37.5,5.5-11.5,6.5-10,12,2.5,37.28,11.50,7.82,11.94,2.50,13.22,38.47,10.48,4.87,6.97,10.76,2.00,14.10,1.39,1.07,0.34,1.70,0.97,83.24,0.6,125,150,BUENA,0.01,0.19,2.8,17.25,31.71,18.7,9.55,5.81,4.03,2.88,2.15,2.46,0,38.09,61.91,0.01,0.05,0.3,0.47,5.8,36.82,39.92,10.99,5.64,82.54,17.46,BUENA,0.18%,,0.034,38,1118,15,5,0.03%,18,99.97%,50,73.4,23.4,30,1.28,,0.3,0,25,27941,2,2,2,2,0.007%,,,,,,,0,0,,,,
1/2/2026,II,DAGUIRREG,7530904,B,PE260102B0,23:20:00,ZARANDA,11,HD14399,Nicovita Katal Camarï¿½n,42.5-44.5,5.5-11.5,6.0-10,13,2.6,42.50,11.50,7.08,10.76,2.13,12.00,42.55,8.75,7.61,9.05,9.95,1.45,13.80,2.00,1.22,0.24,1.34,0.55,142.19,0.5,128,156,BUENA,0.01,0.09,1.16,9.62,23.15,21.08,15.39,10.41,5.85,3.33,2.29,3.81,0,52.73,47.27,0.19,0.25,0.21,0.37,2.37,36.89,45.4,9.68,4.64,84.66,15.34,BUENA,0.15%,,0.032,42,1313,15,4,0.02%,20,99.98%,50,73.4,23.4,30,1.28,,0.3,0,25,32813,2,2,2,3,0.009%,,,,,,,0,0,,,,
1/2/2026,II,DAGUIRREG,7530432,A,PE260102A0,05:00:00,PT,256,HD14257,Nicovita classic Camarï¿½n,35.5-37.5,5.5-11.5,6.5-10,12,2.5,37.28,11.50,7.82,11.94,2.50,13.22,38.86,10.83,5.17,7.25,10.31,1.97,14.12,1.33,1.03,0.30,1.66,0.90,86.34,0.6,130,160,BUENA,0.02,0.23,4.33,26.94,28.76,14.05,7.22,4.78,3.7,2.9,2.18,4.89,0,29.75,70.25,0.02,0.14,0.1,0.33,5.45,46.74,38.91,6.34,1.97,91.1,8.90,BUENA,0.15%,0.04%,0.037,56,1514,15,5,0.02%,120,99.98%,50,73.5,23.5,30,1.28,215,0.3,717,25,37838,1,1,1,1,0.003%,Concesiï¿½n,PIERO A.,1056,,,,1056,26.4,40000482713,Longitud,Flotabilidad 0.02  / Densidad 1.28 /  Conformidad Long 29.75 / Particulas por gramo 1514,Variabilidad de proceso
1/2/2026,II,DAGUIRREG,7530904,B,PE260102B0,05:00:00,PT,11,HD14399,Nicovita Katal Camarï¿½n,42.5-44.5,5.5-11.5,6.0-10,13,2.6,42.50,11.50,7.08,10.76,2.13,12.00,42.47,7.81,5.57,7.30,10.48,1.93,13.37,1.78,1.24,0.35,1.52,0.77,116.03,0.38,134,168,BUENA,0.02,0.19,2.61,15.19,24.65,19.61,14.55,9.51,5.21,2.74,1.63,4.09,0,48.88,51.12,0.07,0.09,0.12,0.5,9.97,55.8,26.85,4.4,2.2,92.62,7.38,BUENA,0.14%,0.06%,0.046,66,1435,15,10,0.05%,12,99.95%,50,74,24,30,1.25,215,0.3,717,25,35870,2,1,1,1,0.006%,Concesiï¿½n,PIERO A.,660,40,,,700,17.5,40000482714-40000482716,Longitud,Flotabilidad 0.05  / Densidad 1.25 /  Conformidad Long 48.88  / Particulas por gramo 1435,Variabilidad de proceso
1/3/2026,I,CSIVINCHAV,7530904,B,PE260103B0,08:25:00,ARRANQUE,11,HD14399,Nicovita Katal Camarï¿½n,42.5-44.5,5.5-11.5,6.0-10,13,2.6,42.50,11.50,7.08,10.76,2.13,12.00,42.24,9.05,7.17,8.65,9.92,1.56,13.59,1.90,1.21,0.24,1.38,0.63,144.28,0.51,139,178,BUENA,0.04,0.06,0.77,8.77,25.66,25.61,18.49,10.7,4.43,1.88,0.98,0.61,2,59.23,40.77,0.15,0.54,0.23,0.27,2.41,37.5,45.79,12.08,1.03,85.7,14.30,BUENA,0.55%,,0.054,65,1204,15,6,0.03%,20,99.97%,50,74,24,30,1.25,,0.3,0,25,30093,10,10,10,10,0.033%,,,,,,,0,0,,,,
1/3/2026,I,CSIVINCHAV,7530432,A,PE260103A0,10:30:00,ARRANQUE,256,HD14257,Nicovita classic Camarï¿½n,35.5-37.5,5.5-11.5,6.5-10,12,2.5,37.28,11.50,7.82,11.94,2.50,13.22,38.20,10.74,5.14,7.12,11.16,1.93,13.54,1.33,1.04,0.34,1.63,1.09,84.68,0.59,133,166,BUENA,0.04,0.34,5.08,70.57,18.41,2.06,0.68,0.4,0.33,0.27,0.28,0.26,1.28,3.47,96.53,0.03,0.02,0.21,0.86,7.26,79.51,11.3,0.34,0.47,98.07,1.93,BUENA,0.60%,,0.046,76,1652,15,5,0.02%,16,99.98%,50,73.7,23.7,30,1.27,,0.3,0,25,41304,1,1,1,1,0.002%,,,,,,,0,0,,,,
1/3/2026,I,CSIVINCHAV,7530904,B,PE260103B0,10:35:00,ZARANDA,11,HD14399,Nicovita Katal Camarï¿½n,42.5-44.5,5.5-11.5,6.0-10,13,2.6,42.50,11.50,7.08,10.76,2.13,12.00,42.35,7.70,7.85,9.26,10.09,1.40,14.13,2.15,1.21,0.30,1.34,0.66,145.99,0.35,138,176,BUENA,0.02,0.03,0.58,7.12,22.8,25.3,19.67,12.63,6,2.49,1.09,0.54,1.73,63.60,36.40,0.01,0.15,0.29,0.19,2,35.82,48.29,12.32,0.93,86.11,13.89,BUENA,0.42%,,0.045,63,1400,15,10,0.05%,23,99.95%,50,74.5,24.5,30,1.22,,0.3,0,25,35000,30,30,30,30,0.086%,,,,,,,0,0,,,,
1/3/2026,I,CSIVINCHAV,7530432,A,PE260103A0,12:50:00,ZARANDA,256,HD14257,Nicovita classic Camarï¿½n,35.5-37.5,5.5-11.5,6.5-10,12,2.5,37.28,11.50,7.82,11.94,2.50,13.22,37.65,10.57,5.99,7.88,11.02,1.99,13.67,1.32,1.03,0.34,1.68,1.02,87.60,0.58,133,166,BUENA,0.02,0.14,3.45,34.54,27.66,15.38,9.51,4.54,1.9,0.77,0.46,0.36,1.27,31.33,68.67,0.02,0.23,0.23,0.21,4.93,76.83,16.87,0.34,0.34,98.63,1.37,BUENA,0.63%,,0.055,80,1455,15,6,0.03%,20,99.97%,50,73.9,23.9,30,1.26,,0.3,0,25,36364,1,1,1,1,0.003%,,,,,,,0,0,,,,
1/3/2026,I,CSIVINCHAV,7530904,B,PE260103B0,12:55:00,ZARANDA,11,HD14399,Nicovita Katal Camarï¿½n,42.5-44.5,5.5-11.5,6.0-10,13,2.6,42.50,11.50,7.08,10.76,2.13,12.00,40.71,7.33,8.43,9.91,9.85,1.13,16.60,2.03,1.20,0.39,1.30,0.67,147.38,0.36,141,182,BUENA,0.01,0.02,0.3,4.31,20.96,24.75,19.8,14.39,7.58,3.3,1.48,0.8,2.3,66.52,33.48,0.01,0.22,0.13,0.23,0.87,23.25,57.07,17.34,0.88,81.19,18.81,BUENA,0.57%,,0.044,48,1091,15,35,0.21%,55,99.79%,50,74.2,24.2,30,1.24,,0.3,0,25,27273,130,130,130,130,0.477%,,,,,,,0,0,,,,
1/3/2026,I,CSIVINCHAV,7530432,A,PE260103A0,15:05:00,ZARANDA,256,HD14257,Nicovita classic Camarï¿½n,35.5-37.5,5.5-11.5,6.5-10,12,2.5,37.28,11.50,7.82,11.94,2.50,13.22,38.49,10.89,6.16,8.12,10.34,1.99,13.37,1.30,0.98,0.29,1.65,0.95,80.59,0.58,133,166,BUENA,0.02,0.32,3.55,19.16,16.92,13.61,12.54,10,7.6,5.29,3.5,2.33,5.16,43.75,56.25,0.01,0.2,0.2,0.46,6.93,78.65,12.49,0.37,0.69,98.07,1.93,BUENA,0.55%,,0.051,60,1176,15,1,0.01%,16,99.99%,50,73.9,23.9,30,1.26,,0.3,0,25,29412,1,1,1,1,0.003%,,,,,,,0,0,,,,
1/3/2026,I,CSIVINCHAV,7530904,B,PE260103B0,15:08:00,ZARANDA,11,HD14399,Nicovita Katal Camarï¿½n,42.5-44.5,5.5-11.5,6.0-10,13,2.6,42.50,11.50,7.08,10.76,2.13,12.00,42.76,7.51,8.05,9.53,9.97,1.38,14.08,2.14,1.22,0.30,1.31,0.58,138.95,0.4,140,180,BUENA,0.01,0.02,0.26,3.62,10.22,11.68,15.32,17.62,15.3,10.17,5.68,3.08,7.02,59.92,40.08,0,0.14,0.13,0.24,1.01,41.19,49.47,6.22,1.6,91.67,8.33,BUENA,0.61%,,0.063,67,1063,15,25,0.16%,45,99.84%,50,74.8,24.8,30,1.21,,0.3,0,25,26587,125,130,130,130,0.489%,,,,,,,0,0,,,,
1/3/2026,I,CSIVINCHAV,7530432,A,PE260103A0,17:20:00,ZARANDA,256,HD14257,Nicovita classic Camarï¿½n,35.5-37.5,5.5-11.5,6.5-10,12,2.5,37.28,11.50,7.82,11.94,2.50,13.22,38.02,10.38,6.12,8.04,11.13,1.92,13.67,1.36,1.04,0.32,1.69,1.08,86.31,0.56,136,172,BUENA,0.01,0.3,3.79,18.87,16.07,12.76,11.44,9.96,7.31,5.08,3.55,2.6,8.26,41.47,58.53,0.01,0.13,0.15,0.4,7.79,76.17,14.06,0.38,0.91,98.02,1.98,BUENA,0.56%,,0.074,80,1081,15,6,0.04%,25,99.96%,50,73.9,23.9,30,1.26,,0.3,0,25,27027,1,1,1,1,0.004%,,,,,,,0,0,,,,
1/3/2026,I,CSIVINCHAV,7530904,B,PE260103B0,17:22:00,ZARANDA,11,HD14399,Nicovita Katal Camarï¿½n,42.5-44.5,5.5-11.5,6.0-10,13,2.6,42.50,11.50,7.08,10.76,2.13,12.00,43.69,7.58,7.39,9.04,9.94,1.56,12.48,1.98,1.20,0.28,1.38,0.56,136.38,0.48,139,178,BUENA,0,0.06,0.46,5.19,10.09,11.63,17.15,18.45,14.33,8.95,4.91,2.68,6.1,61.56,38.44,0,0.06,0.22,0.17,1.32,61.52,35.19,0.92,0.6,98.03,1.97,BUENA,0.48%,,0.055,61,1109,15,15,0.09%,46,99.91%,50,74.3,24.3,30,1.23,,0.3,0,25,27727,80,80,80,80,0.289%,,,,,,,0,0,,,,
1/3/2026,I,CSIVINCHAV,7530432,A,PE260103A0,17:40:00,PT,256,HD14257,Nicovita classic Camarï¿½n,35.5-37.5,5.5-11.5,6.5-10,12,2.5,37.28,11.50,7.82,11.94,2.50,13.22,37.89,10.82,5.48,7.76,11.08,1.88,13.42,0.96,0.85,0.38,1.71,1.08,82.62,0.59,133,166,BUENA,0.03,0.21,4.83,39.99,20.9,9.31,7.11,5.08,3.54,2.43,1.68,1.2,3.69,25.04,74.96,0.03,0.18,0.32,0.47,6.7,78.6,12.72,0.37,0.61,98.02,1.98,BUENA,0.55%,0.05%,0.046,70,1522,15,4,0.02%,20,99.98%,50,73.9,23.9,30,1.26,216,0.3,720,25,38043,1,1,1,1,0.003%,Concesiï¿½n,PIERO A.,1056,,,,1056,26.4,40000482719,Longitud,Flotabilidad 0.02  / Densidad 1.26 /  Conformidad Long 25.04  / Particulas por gramo 1522 / Proteina alta 37.89,Variabilidad de proceso
1/3/2026,I,CSIVINCHAV,7530904,B,PE260103B0,17:40:00,PT,11,HD14399,Nicovita Katal Camarï¿½n,42.5-44.5,5.5-11.5,6.0-10,13,2.6,42.50,11.50,7.08,10.76,2.13,12.00,42.32,9.22,6.91,8.45,9.57,1.66,13.45,1.74,1.16,0.21,1.43,0.59,113.84,0.56,140,180,BUENA,0.04,0.04,0.63,6.85,20.23,22.19,17.47,12.74,7.91,4.48,2.44,1.4,3.58,60.31,39.69,0.03,0.56,0.34,0.21,1.9,35.78,47.67,12.22,1.29,85.35,14.65,BUENA,0.41%,0.06%,0.055,63,1145,15,50,0.29%,50,99.71%,50,74.4,24.4,30,1.23,212,0.3,707,25,28636,100,100,100,100,0.349%,Concesiï¿½n,PIERO A.,726,,,,726,18.15,40000482720,Longitud,Flotabilidad 0.29  / Densidad 1.23 /  Conformidad Long 60.31  / Particulas por gramo 1145 / Proteina baja 42.32,Variabilidad de proceso
1/3/2026,II,OVASQUEZC,7530432,A,PE260103A0,19:45:00,ZARANDA,256,HD14257,Nicovita classic Camarï¿½n,35.5-37.5,5.5-11.5,6.5-10,12,2.5,37.28,11.50,7.82,11.94,2.50,13.22,38.24,10.69,5.92,7.85,10.85,1.91,13.53,1.33,1.05,0.33,1.66,1.04,84.44,0.62,124,148,BUENA,0.02,0.11,1.53,8.67,9.14,7.47,7.74,8.03,7.7,7.2,6.67,6.37,29.35,30.94,69.06,0.02,0,0.07,0.24,6.57,77.83,14.14,0.34,0.79,98.54,1.46,BUENA,1.00%,,0.056,46,821,15,30,0.24%,30,99.76%,50,74,24,30,1.25,,0.3,0,25,20536,12,12,12,12,0.058%,,,,,,,0,0,,,,
1/3/2026,II,OVASQUEZC,7530904,B,PE260103B0,19:45:00,ZARANDA,11,HD14399,Nicovita Katal Camarï¿½n,42.5-44.5,5.5-11.5,6.0-10,13,2.6,42.50,11.50,7.08,10.76,2.13,12.00,43.64,8.00,7.40,8.97,10.09,1.41,12.96,2.03,1.26,0.27,1.37,0.60,143.57,0.4,136,172,BUENA,0.03,0.03,0.58,6.97,15.23,18.27,21.25,16.37,8.92,4.2,2.26,1.52,4.37,64.81,35.19,0.04,0.03,0.2,0.19,1.38,51.79,44.1,1.84,0.43,97.27,2.73,BUENA,1.00%,,0.058,72,1241,15,100,0.54%,120,99.46%,50,74.2,24.2,30,1.24,,0.3,0,25,31034,120,140,200,200,0.644%,,,,,,,0,0,,,,
1/3/2026,II,OVASQUEZC,7530432,A,PE260103A0,21:30:00,ZARANDA,256,HD14257,Nicovita classic Camarï¿½n,35.5-37.5,5.5-11.5,6.5-10,12,2.5,37.28,11.50,7.82,11.94,2.50,13.22,38.22,10.94,6.25,8.20,10.40,1.98,13.58,1.37,1.01,0.30,1.65,0.94,80.69,0.63,128,156,BUENA,0.04,0.68,6.12,24.79,16.68,9.84,8.93,8.3,6.57,4.77,3.29,2.41,7.58,33.64,66.36,0.01,0.07,0.25,0.64,10.83,74.86,12.51,0.31,0.52,98.2,1.80,BUENA,0.22%,,0.031,43,1387,15,15,0.07%,22,99.93%,50,74,24,30,1.25,,0.3,0,25,34677,8,8,8,8,0.023%,,,,,,,0,0,,,,
1/3/2026,II,OVASQUEZC,7530904,B,PE260103B0,21:30:00,ZARANDA,11,HD14399,Nicovita Katal Camarï¿½n,42.5-44.5,5.5-11.5,6.0-10,13,2.6,42.50,11.50,7.08,10.76,2.13,12.00,43.14,8.62,6.97,8.66,10.11,1.61,12.78,1.97,1.24,0.25,1.34,0.62,137.06,0.42,133,166,BUENA,0.04,0.04,0.73,7.63,14.3,17.17,19.82,16.37,9.8,4.81,2.48,1.63,5.18,63.16,36.84,0.15,0.45,0.11,0.3,1.99,56.74,38.3,1.58,0.38,97.03,2.97,BUENA,1.00%,,0.052,60,1154,15,60,0.35%,120,99.65%,50,74.2,24.2,30,1.24,,0.3,0,25,28846,150,150,150,150,0.520%,,,,,,,0,0,,,,
1/3/2026,II,OVASQUEZC,7530432,A,PE260103A0,23:30:00,ZARANDA,256,HD14257,Nicovita classic Camarï¿½n,35.5-37.5,5.5-11.5,6.5-10,12,2.5,37.28,11.50,7.82,11.94,2.50,13.22,37.42,11.07,5.91,7.91,11.25,1.94,13.25,1.34,1.03,0.32,1.63,1.15,81.32,0.63,134,168,BUENA,0.02,0.3,3.25,19.79,22.23,13.07,10.87,8.3,5.99,4.33,3.26,2.42,6.17,38.23,61.77,0.01,0.2,0.18,0.42,4.07,63.81,29.88,0.8,0.63,97.76,2.24,BUENA,0.19%,,0.058,66,1138,15,15,0.09%,42,99.91%,50,74,24,30,1.25,,0.3,0,25,28448,10,10,10,10,0.035%,,,,,,,0,0,,,,
1/3/2026,II,OVASQUEZC,7530904,B,PE260103B0,23:30:00,ZARANDA,11,HD14399,Nicovita Katal Camarï¿½n,42.5-44.5,5.5-11.5,6.0-10,13,2.6,42.50,11.50,7.08,10.76,2.13,12.00,42.88,9.20,7.21,8.83,10.15,1.54,13.10,2.04,1.24,0.25,1.34,0.59,137.43,0.52,136,172,BUENA,0.02,0.04,0.94,8.91,13.61,16.62,19.64,16.46,9.79,4.68,2.52,1.73,5.04,62.51,37.49,0.01,0.13,0.2,0.25,3.24,66.57,27.77,1.31,0.52,97.58,2.42,BUENA,1.20%,,0.056,70,1250,15,100,0.53%,120,99.47%,50,74.2,24.2,30,1.24,,0.3,0,25,31250,50,60,120,180,0.576%,,,,,,,0,0,,,,
1/3/2026,II,OVASQUEZC,7530432,A,PE260103A0,01:30:00,ZARANDA,256,HD14257,Nicovita classic Camarï¿½n,35.5-37.5,5.5-11.5,6.5-10,12,2.5,37.28,11.50,7.82,11.94,2.50,13.22,37.52,11.03,5.74,7.75,11.43,2.02,13.60,1.47,1.07,0.35,1.62,1.18,82.82,0.63,128,156,BUENA,0.02,0.18,1.9,14.14,22.32,15.15,12.94,11.64,8.19,5.16,2.97,1.65,3.74,47.92,52.08,0.02,0.2,0.14,0.25,2.24,47.51,46.4,2.06,1.18,96.15,3.85,BUENA,0.19%,,0.038,46,1211,15,80,0.44%,30,99.56%,50,73.9,23.9,30,1.26,,0.3,0,25,30263,5,10,10,10,0.033%,,,,,,,0,0,,,,
1/3/2026,II,OVASQUEZC,7530904,B,PE260103B0,01:30:00,ZARANDA,11,HD14399,Nicovita Katal Camarï¿½n,42.5-44.5,5.5-11.5,6.0-10,13,2.6,42.50,11.50,7.08,10.76,2.13,12.00,43.14,8.82,7.38,8.96,9.86,1.53,13.04,1.97,1.21,0.21,1.38,0.57,137.27,0.5,131,162,BUENA,0.01,0.07,0.74,7.94,15.11,17.48,19.39,15.98,9.22,4.5,2.42,1.73,5.41,62.07,37.93,0.01,0.19,0.15,0.22,2.13,55.59,39.06,2.28,0.37,96.78,3.22,BUENA,1.00%,,0.038,54,1421,15,120,0.56%,120,99.44%,50,74.5,24.5,30,1.22,,0.3,0,25,35526,150,180,180,180,0.507%,,,,,,,0,0,,,,
1/3/2026,II,OVASQUEZC,7530432,A,PE260103A0,03:30:00,ZARANDA,256,HD14257,Nicovita classic Camarï¿½n,35.5-37.5,5.5-11.5,6.5-10,12,2.5,37.28,11.50,7.82,11.94,2.50,13.22,38.07,10.94,5.24,7.44,11.29,2.07,13.32,1.31,1.03,0.34,1.66,1.15,77.97,0.62,122,144,BUENA,0.02,0.07,1.12,8.83,18.55,14.5,14.03,13.13,10.99,7.76,4.61,2.4,3.99,52.65,47.35,0.02,0.08,0.13,0.19,1.53,40.89,52.85,3.31,1,95.27,4.73,BUENA,0.19%,,0.031,31,1000,15,10,0.07%,30,99.93%,50,74,24,30,1.25,,0.3,0,25,25000,15,15,15,15,0.060%,,,,,,,0,0,,,,
1/3/2026,II,OVASQUEZC,7530904,B,PE260103B0,03:30:00,ZARANDA,11,HD14399,Nicovita Katal Camarï¿½n,42.5-44.5,5.5-11.5,6.0-10,13,2.6,42.50,11.50,7.08,10.76,2.13,12.00,43.15,8.60,7.28,8.85,9.98,1.44,13.10,1.95,1.23,0.23,1.35,0.60,136.91,0.48,123,146,BUENA,0.02,0.03,0.7,7.42,13.39,15.88,19.61,16.71,10.59,5.29,2.73,1.86,5.77,62.79,37.21,0.01,0.15,0.28,0.16,2.23,57.16,36.99,2.46,0.56,96.38,3.62,BUENA,1.20%,,0.037,45,1216,15,80,0.44%,120,99.56%,50,74.9,24.9,30,1.20,,0.3,0,25,30405,240,240,240,240,0.789%,,,,,,,0,0,,,,
1/3/2026,II,OVASQUEZC,7530432,A,PE260103A0,05:30:00,ZARANDA,256,HD14257,Nicovita classic Camarï¿½n,35.5-37.5,5.5-11.5,6.5-10,12,2.5,37.28,11.50,7.82,11.94,2.50,13.22,38.20,11.04,5.42,7.47,11.05,1.99,13.09,1.37,1.04,0.28,1.59,1.08,85.93,0.63,127,154,BUENA,0.01,0.12,1.44,10.26,18.31,13.24,13.31,12.6,10.57,7.71,4.75,2.61,5.07,49.72,50.28,0.01,0.01,0.21,0.22,2.03,47.12,47.4,2.03,0.97,96.55,3.45,BUENA,0.17%,,0.03,35,1167,15,10,0.06%,30,99.94%,50,74,24,30,1.25,,0.3,0,25,29167,5,5,5,5,0.017%,,,,,,,0,0,,,,
1/3/2026,II,OVASQUEZC,7530904,B,PE260103B0,05:30:00,ZARANDA,11,HD14399,Nicovita Katal Camarï¿½n,42.5-44.5,5.5-11.5,6.0-10,13,2.6,42.50,11.50,7.08,10.76,2.13,12.00,43.61,8.24,7.23,8.82,10.05,1.42,12.93,2.08,1.24,0.21,1.35,0.60,140.62,0.42,128,156,BUENA,0.01,0.06,1.16,11.74,19.62,20.56,19.03,11.75,5.74,2.87,1.86,1.43,4.17,57.08,42.92,0.06,0.23,0.17,0.21,2.48,59,35.6,1.83,0.42,97.08,2.92,BUENA,1.30%,,0.031,41,1323,15,120,0.60%,120,99.40%,50,75,25,30,1.20,,0.3,0,25,33065,150,200,200,220,0.665%,,,,,,,0,0,,,,
1/3/2026,II,OVASQUEZC,7530432,A,PE260103A0,05:45:00,PT,256,HD14257,Nicovita classic Camarï¿½n,35.5-37.5,5.5-11.5,6.5-10,12,2.5,37.28,11.50,7.82,11.94,2.50,13.22,37.85,10.69,5.92,7.94,11.20,1.99,13.33,1.44,1.04,0.36,1.69,1.09,79.99,0.52,128,156,BUENA,0.02,0.25,2.29,14.39,17.68,12.41,11.8,10.65,8.75,6.41,4.31,2.8,8.24,43.61,56.39,0.01,0,0.21,0.5,5.39,67.71,24.55,0.93,0.7,97.65,2.35,BUENA,0.18%,0.02%,0.033,40,1212,15,30,0.17%,40,99.84%,50,74,24,30,1.25,217,0.3,723,25,30303,20,20,20,30,0.099%,Concesiï¿½n,PIERO A.,1254,396,369,,2019,50.475,40000482649-40000482806,Longitud,Flotabilidad 0.17  / Densidad 1.25 /  Conformidad Long 43.61/ Particulas por gramo 1212 / Reflote 0.099,Variabilidad de proceso
1/3/2026,II,OVASQUEZC,7530904,B,PE260103B0,05:45:00,PT,11,HD14399,Nicovita Katal Camarï¿½n,42.5-44.5,5.5-11.5,6.0-10,13,2.6,42.50,11.50,7.08,10.76,2.13,12.00,43.52,8.17,7.43,8.90,10.02,1.52,13.00,2.15,1.28,0.21,1.37,0.56,140.79,0.46,132,164,BUENA,0.02,0.04,0.66,7.5,14.66,17.05,20.3,16.5,9.62,4.75,2.54,1.67,4.69,63.47,36.53,0.09,0.16,0.14,0.14,1.6,54.39,41.12,1.89,0.47,97.11,2.89,BUENA,1.00%,0.03%,0.033,42,1273,15,110,0.58%,120,99.42%,50,74.9,24.9,30,1.20,202,0.3,673,25,31818,200,200,200,200,0.629%,Concesiï¿½n,PIERO A.,396,990,570,,1956,48.9,40000482800-40000482809,Reflote,Flotabilidad 0.58  / Densidad 1.20 /  Conformidad Long 63.47  / Particulas por gramo 1273 / Reflote 0.629,Variabilidad de proceso
1/4/2026,I,JALVARADOS,7530432,A,PE260104A0,07:30:00,ZARANDA,256,HD14257,Nicovita classic Camarï¿½n,35.5-37.5,5.5-11.5,6.5-10,12,2.5,37.28,11.50,7.82,11.94,2.50,13.22,38.02,10.82,5.61,7.63,11.37,2.01,13.22,1.36,1.10,0.38,1.68,1.11,82.02,0.56,120,140,BUENA,0.01,0.09,1.21,8.58,16.12,12.41,12.4,12.5,11.19,8.76,5.94,3.54,7.25,48.50,51.50,0.01,0.07,0.18,0.17,1.82,46.56,48.05,2.38,0.76,96.43,3.57,BUENA,0.20%,,0.041,46,1122,15,7,0.04%,24,99.96%,50,74,24,30,1.25,,0.3,0,25,28049,5,5,10,10,0.036%,,,,,,,0,0,,,,
1/4/2026,I,JALVARADOS,7530904,B,PE260104B0,07:30:00,ZARANDA,11,HD14399,Nicovita Katal Camarï¿½n,42.5-44.5,5.5-11.5,6.0-10,13,2.6,42.50,11.50,7.08,10.76,2.13,12.00,43.45,8.35,7.09,8.80,10.07,1.45,13.30,2.05,1.25,0.22,1.41,0.58,137.02,0.5,128,156,BUENA,0.02,0.05,1.25,12.2,19.98,20.47,18.13,11.26,5.42,2.83,1.98,1.58,4.83,55.28,44.72,0.07,0.2,0.14,0.26,2.66,58.78,35.57,1.81,0.51,97.01,2.99,BUENA,0.88%,,0.034,43,1265,15,120,0.63%,120,99.37%,50,74.5,24.5,30,1.22,,0.3,0,25,31618,220,220,230,230,0.727%,,,,,,,0,0,,,,
1/4/2026,I,JALVARADOS,7530432,A,PE260104A0,09:30:00,ZARANDA,256,HD14257,Nicovita classic Camarï¿½n,35.5-37.5,5.5-11.5,6.5-10,12,2.5,37.28,11.50,7.82,11.94,2.50,13.22,38.36,10.89,5.86,7.87,10.61,2.08,13.55,1.37,1.04,0.26,1.62,0.95,85.12,0.57,122,144,BUENA,0.04,0.08,0.9,6.34,14.01,10.89,11.46,11.36,11.37,9.64,7.14,4.8,11.97,45.08,54.92,0.03,0.09,0.03,0.13,1.35,41.4,53.19,2.74,1.04,95.94,4.06,BUENA,0.25%,,0.025,27,1080,15,5,0.03%,15,99.97%,50,73.8,23.8,30,1.26,,0.3,0,25,27000,5,5,5,5,0.019%,,,,,,,0,0,,,,
1/4/2026,I,JALVARADOS,7530904,B,PE260104B0,11:15:00,ARRANQUE,11,HD14399,Nicovita Katal Camarï¿½n,42.5-44.5,5.5-11.5,6.0-10,13,2.6,42.50,11.50,7.08,10.76,2.13,12.00,42.67,9.86,7.01,8.58,10.07,1.49,13.39,1.84,1.25,0.23,1.41,0.62,144.75,0.57,126,152,BUENA,0.02,0.06,0.87,8.42,17.64,20.79,20.46,14.03,7.11,3.49,1.93,1.26,3.92,62.39,37.61,0.01,0.13,0.14,0.2,2.1,51.03,41.85,3.51,1.03,94.98,5.02,BUENA,1.00%,,0.027,36,1333,15,60,0.30%,120,99.70%,50,74.8,24.8,30,1.21,,0.3,0,25,33333,100,100,130,130,0.390%,,,,,,,0,0,,,,
1/4/2026,I,JALVARADOS,7530432,A,PE260104A0,12:15:00,ARRANQUE,256,HD14257,Nicovita classic Camarï¿½n,35.5-37.5,5.5-11.5,6.5-10,12,2.5,37.28,11.50,7.82,11.94,2.50,13.22,37.63,10.94,6.07,7.97,11.29,2.02,13.37,1.38,1.03,0.34,1.68,1.18,80.37,0.56,122,144,BUENA,0.02,0.07,1,13.13,32.32,22.76,14.74,7.64,3.19,1.58,1.01,0.66,1.88,48.33,51.67,0.04,0.29,0.13,0.34,1.8,45.71,48.18,2.32,1.19,95.69,4.31,BUENA,0.21%,,0.035,43,1229,15,3,0.02%,12,99.98%,50,74.2,24.2,30,1.24,,0.3,0,25,30714,3,3,5,5,0.016%,,,,,,,0,0,,,,
1/4/2026,I,JALVARADOS,7530432,A,PE260104A0,13:15:00,ZARANDA,256,HD14257,Nicovita classic Camarï¿½n,35.5-37.5,5.5-11.5,6.5-10,12,2.5,37.28,11.50,7.82,11.94,2.50,13.22,37.83,10.60,6.06,8.04,11.30,1.98,13.16,1.29,1.00,0.31,1.70,1.16,79.77,0.56,120,140,BUENA,0.01,0.02,0.76,8.96,18.63,16.87,16.64,14.28,9.87,6.01,3.16,1.63,3.16,57.66,42.34,0.01,0.24,0.2,0.16,1.38,48.86,45.29,1.8,2.06,95.53,4.47,BUENA,0.15%,,0.031,34,1097,15,5,0.03%,25,99.97%,50,73.2,23.2,30,1.29,,0.3,0,25,27419,5,5,5,5,0.018%,,,,,,,0,0,,,,
1/4/2026,I,JALVARADOS,7530904,B,PE260104B0,13:15:00,ZARANDA,11,HD14399,Nicovita Katal Camarï¿½n,42.5-44.5,5.5-11.5,6.0-10,13,2.6,42.50,11.50,7.08,10.76,2.13,12.00,43.86,7.31,7.28,8.89,10.27,1.46,13.29,1.96,1.28,0.27,1.43,0.66,142.99,0.43,130,160,BUENA,0.01,0.03,0.8,8.64,17.58,21.78,20,13.41,6.77,3.39,2.04,1.41,4.14,61.96,38.04,0.05,0.15,0.02,0.2,2.06,58.41,36.61,2.03,0.47,97.08,2.92,BUENA,0.60%,,0.033,38,1152,15,55,0.32%,120,99.68%,50,74.8,24.8,30,1.21,,0.3,0,25,28788,120,120,120,120,0.417%,,,,,,,0,0,,,,
1/4/2026,I,JALVARADOS,7530432,A,PE260104A0,15:10:00,ZARANDA,256,HD14257,Nicovita classic Camarï¿½n,35.5-37.5,5.5-11.5,6.5-10,12,2.5,37.28,11.50,7.82,11.94,2.50,13.22,37.76,11.02,6.59,8.35,10.61,1.97,13.57,1.32,1.02,0.32,1.68,0.99,81.21,0.58,122,144,BUENA,0,0.06,0.96,7.03,11.77,10.6,11.75,12.57,11.73,9.8,7.1,4.78,11.85,46.65,53.35,0.07,0.09,0.01,0.26,2.13,50.62,43.42,2.06,1.34,96.17,3.83,BUENA,0.21%,,0.047,44,936,15,2,0.01%,15,99.99%,50,74.3,24.3,30,1.23,,0.3,0,25,23404,2,2,3,3,0.013%,,,,,,,0,0,,,,
1/4/2026,I,JALVARADOS,7530904,B,PE260104B0,15:10:00,ZARANDA,11,HD14399,Nicovita Katal Camarï¿½n,42.5-44.5,5.5-11.5,6.0-10,13,2.6,42.50,11.50,7.08,10.76,2.13,12.00,43.51,8.15,6.85,8.64,10.04,1.35,13.32,2.07,1.24,0.23,1.32,0.69,143.87,0.48,128,156,BUENA,0.01,0.03,0.62,6.88,14.73,19.02,22,15.6,8.34,3.96,2.26,1.61,4.94,64.96,35.04,0,0.17,0.1,0.19,1.83,51.67,42.53,2.96,0.55,96.03,3.97,BUENA,0.72%,,0.041,47,1146,15,70,0.41%,120,99.59%,50,74.5,24.5,30,1.22,,0.3,0,25,28659,150,150,170,170,0.593%,,,,,,,0,0,,,,
1/4/2026,I,JALVARADOS,7530432,A,PE260104A0,17:10:00,ZARANDA,256,HD14257,Nicovita classic Camarï¿½n,35.5-37.5,5.5-11.5,6.5-10,12,2.5,37.28,11.50,7.82,11.94,2.50,13.22,38.16,11.20,6.78,8.64,9.94,1.95,13.81,1.32,1.00,0.27,1.62,0.81,84.90,0.59,125,150,BUENA,0.02,0.11,0.96,7.56,13.84,11.03,10.17,10.68,9.38,7.61,5.83,4.45,18.36,41.26,58.74,0.01,0,0.29,0.27,1.93,48.67,45.24,2.29,1.3,95.84,4.16,BUENA,0.13%,,0.04,40,1000,15,5,0.03%,30,99.97%,50,74.5,24.5,30,1.22,,0.3,0,25,25000,2,2,5,5,0.020%,,,,,,,0,0,,,,
1/4/2026,I,JALVARADOS,7530904,B,PE260104B0,17:10:00,ZARANDA,11,HD14399,Nicovita Katal Camarï¿½n,42.5-44.5,5.5-11.5,6.0-10,13,2.6,42.50,11.50,7.08,10.76,2.13,12.00,42.48,10.10,6.99,8.70,10.06,1.46,12.46,2.01,1.19,0.22,1.32,0.66,142.97,0.53,122,144,BUENA,0.01,0.04,0.67,6.86,12.79,16.38,21.05,18.17,10.22,4.86,2.45,1.56,4.94,65.82,34.18,0.01,0.07,0.08,0.15,2.56,59.58,34.87,2.04,0.64,97.01,2.99,BUENA,0.68%,,0.05,62,1240,15,45,0.24%,120,99.76%,50,74.6,24.6,30,1.22,,0.3,0,25,31000,120,120,150,150,0.484%,,,,,,,0,0,,,,
1/4/2026,I,JALVARADOS,7530432,A,PE260104A0,17:30:00,PT,256,HD14257,Nicovita classic Camarï¿½n,35.5-37.5,5.5-11.5,6.5-10,12,2.5,37.28,11.50,7.82,11.94,2.50,13.22,38.09,10.92,5.90,7.77,10.85,2.02,13.51,1.36,1.05,0.35,1.65,1.06,78.13,0.58,120,140,BUENA,0,0.07,0.94,7.96,16.29,12.7,12.38,11.99,10.53,8.27,5.79,3.69,9.39,47.60,52.40,0,0.1,0.13,0.26,2,46.63,46.87,2.48,1.53,95.5,4.50,BUENA,0.18%,0.03%,0.041,41,1000,15,3,0.02%,15,99.98%,50,73.5,23.5,30,1.28,215,0.3,717,25,25000,2,2,5,5,0.020%,Concesiï¿½n,PIERO A.,1227,,,,1227,30.675,40000482808,Longitud,Flotabilidad 0.02  / Densidad 1.28 /  Conformidad Long 47.60 / Particulas por gramo 1000 / Reflote 0.02,Variabilidad de proceso
1/4/2026,I,JALVARADOS,7530904,B,PE260104B0,17:30:00,PT,11,HD14399,Nicovita Katal Camarï¿½n,42.5-44.5,5.5-11.5,6.0-10,13,2.6,42.50,11.50,7.08,10.76,2.13,12.00,43.50,8.60,7.22,8.72,9.90,1.36,13.28,1.98,1.23,0.20,1.37,0.63,140.80,0.57,125,150,BUENA,0.01,0.04,1.06,10.17,18.04,20.36,19.34,12.81,6.5,3.3,2.04,1.51,4.82,59.01,40.99,0.01,0.07,0.11,0.34,3.08,58.6,34.87,2.28,0.64,96.55,3.45,BUENA,0.56%,0.03%,0.058,76,1310,15,80,0.41%,120,99.59%,50,74.8,24.8,30,1.21,203,0.3,677,25,32759,140,180,180,200,0.611%,Concesiï¿½n,PIERO A.,330,,,,330,8.25,40000482902,Reflote,Flotabilidad 0.41  / Densidad 1.21 /  Conformidad Long 59.01 / Particulas por gramo 1310 / Reflote 0.611,Variabilidad de proceso
1/4/2026,II,OVASQUEZC,7549044,A,PE260104A0,20:30:00,ARRANQUE,256,HD14257,Nicovita classic Camarï¿½n,35.5-37.5,5.5-11.5,6.5-10,12,2.5,37.28,11.50,7.82,11.94,2.50,13.22,37.99,10.95,6.44,8.34,10.30,2.02,13.97,1.33,1.04,0.29,1.67,0.92,81.34,0.63,131,162,BUENA,0.03,0.39,2.67,41.84,40.8,6.34,1.98,1.17,0.98,0.94,0.77,0.48,1.61,10.47,89.53,0.08,0.27,0.14,0.65,3.89,57.27,34.61,1.87,1.22,95.77,4.23,BUENA,0.24%,,0.02,32,1600,15,10,0.04%,18,99.96%,50,73.2,23.2,30,1.29,,0.3,0,25,40000,2,5,8,8,0.020%,,,,,,,0,0,,,,
1/4/2026,II,OVASQUEZC,7530904,B,PE260104B0,19:30:00,ZARANDA,11,HD14399,Nicovita Katal Camarï¿½n,42.5-44.5,5.5-11.5,6.0-10,13,2.6,42.50,11.50,7.08,10.76,2.13,12.00,42.61,10.11,7.08,8.67,9.89,1.52,12.70,1.91,1.19,0.21,1.36,0.62,144.89,0.59,122,144,BUENA,0.01,0.04,0.64,7.17,12.71,15.51,19.08,17.35,11.12,5.79,3.02,1.91,5.65,63.06,36.94,0.06,0,0.08,0.22,2.56,57.66,36.5,2.31,0.61,96.72,3.28,BUENA,1.03%,,0.029,32,1103,15,30,0.18%,120,99.82%,50,74.8,24.8,30,1.21,,0.3,0,25,27586,20,20,20,50,0.181%,,,,,,,0,0,,,,
1/4/2026,II,OVASQUEZC,7549044,A,PE260104A0,21:50:00,ZARANDA,256,HD14257,Nicovita classic Camarï¿½n,35.5-37.5,5.5-11.5,6.5-10,12,2.5,37.28,11.50,7.82,11.94,2.50,13.22,38.39,10.91,6.16,8.00,10.63,2.14,13.13,1.42,1.05,0.32,1.68,0.90,84.95,0.63,131,162,BUENA,0.01,0.17,3.01,25.12,28.53,17.07,11.44,6.31,3.26,1.7,1.01,0.63,1.74,38.08,61.92,0.01,0.26,0.02,0.28,3.67,59.83,32.76,1.52,1.65,96.26,3.74,BUENA,0.10%,,0.048,72,1500,15,20,0.09%,30,99.91%,50,73.5,23.5,30,1.28,,0.3,0,25,37500,10,15,15,15,0.040%,,,,,,,0,0,,,,
1/4/2026,II,OVASQUEZC,7530904,B,PE260104B0,21:50:00,ZARANDA,11,HD14399,Nicovita Katal Camarï¿½n,42.5-44.5,5.5-11.5,6.0-10,13,2.6,42.50,11.50,7.08,10.76,2.13,12.00,42.42,10.16,7.14,8.65,10.07,1.53,12.91,1.98,1.21,0.23,1.40,0.62,143.06,0.6,128,156,BUENA,0.01,0.05,1.03,9.83,15.8,17.99,19.74,14.71,8.11,4.03,2.2,1.48,5.02,60.55,39.45,0.01,0.15,0.12,0.31,3.44,63.88,29.92,1.63,0.54,97.24,2.76,BUENA,1.30%,,0.072,76,1056,15,80,0.51%,120,99.49%,50,74.8,24.8,30,1.21,,0.3,0,25,26389,55,60,60,60,0.227%,,,,,,,0,0,,,,
1/4/2026,II,OVASQUEZC,7549044,A,PE260104A0,23:50:00,ZARANDA,256,HD14257,Nicovita classic Camarï¿½n,35.5-37.5,5.5-11.5,6.5-10,12,2.5,37.28,11.50,7.82,11.94,2.50,13.22,38.32,11.15,6.28,8.24,9.86,2.07,13.64,1.40,1.05,0.29,1.62,0.77,84.65,0.63,132,164,BUENA,0.04,0.16,2.31,14.46,18.3,14.57,13.59,11.86,8.78,5.97,3.7,2.16,4.1,48.80,51.20,0.04,0.17,0.08,0.24,4.11,59.38,33.1,1.4,1.48,96.59,3.41,BUENA,0.19%,,0.039,41,1051,15,30,0.19%,28,99.81%,50,73.5,23.5,30,1.28,,0.3,0,25,26282,5,5,5,5,0.019%,,,,,,,0,0,,,,
1/4/2026,II,OVASQUEZC,7530904,B,PE260104B0,23:50:00,ZARANDA,11,HD14399,Nicovita Katal Camarï¿½n,42.5-44.5,5.5-11.5,6.0-10,13,2.6,42.50,11.50,7.08,10.76,2.13,12.00,42.77,10.54,7.04,8.44,10.07,1.58,12.45,1.98,1.22,0.20,1.38,0.61,142.42,0.62,126,152,BUENA,0.02,0.08,1.13,9.96,14.84,17.43,19.26,14.52,8.46,4.33,2.39,1.67,5.91,59.67,40.33,0.01,0.12,0.17,0.37,4.34,63.13,29.36,1.98,0.52,96.83,3.17,BUENA,1.10%,,0.036,45,1250,15,80,0.43%,120,99.57%,50,74.6,24.6,30,1.22,,0.3,0,25,31250,100,100,100,100,0.320%,,,,,,,0,0,,,,
1/4/2026,II,OVASQUEZC,7549044,A,PE260104A0,01:30:00,ZARANDA,256,HD14257,Nicovita classic Camarï¿½n,35.5-37.5,5.5-11.5,6.5-10,12,2.5,37.28,11.50,7.82,11.94,2.50,13.22,38.85,10.92,6.10,8.00,10.11,2.08,13.29,1.28,1.05,0.32,1.65,0.81,84.46,0.63,127,154,BUENA,0.03,0.17,1.94,11.13,14.33,12.05,12.07,12.34,11,8.85,6.17,3.85,6.07,47.46,52.54,0.03,0.09,0.01,0.4,3.65,58.48,33.44,1.4,2.5,95.57,4.43,BUENA,1.00%,,0.043,45,1047,15,10,0.06%,30,99.94%,50,73.5,23.5,30,1.28,,0.3,0,25,26163,5,5,5,5,0.019%,,,,,,,0,0,,,,
1/4/2026,II,OVASQUEZC,7530904,B,PE260104B0,01:30:00,ZARANDA,11,HD14399,Nicovita Katal Camarï¿½n,42.5-44.5,5.5-11.5,6.0-10,13,2.6,42.50,11.50,7.08,10.76,2.13,12.00,42.67,10.31,6.75,8.19,10.04,1.66,12.59,1.97,1.22,0.23,1.40,0.58,140.37,0.61,126,152,BUENA,0.03,0.05,1.23,10.94,17.28,19.16,18.23,12.79,7.13,3.68,2.18,1.58,5.72,57.31,42.69,0.08,0.15,0.06,0.21,4.13,62.18,30.22,2.41,0.56,96.53,3.47,BUENA,1.00%,,0.046,60,1304,15,80,0.41%,120,99.59%,50,74.5,24.5,30,1.22,,0.3,0,25,32609,100,100,100,100,0.307%,,,,,,,0,0,,,,
1/4/2026,II,OVASQUEZC,7549044,A,PE260104A0,03:30:00,ZARANDA,256,HD14257,Nicovita classic Camarï¿½n,35.5-37.5,5.5-11.5,6.5-10,12,2.5,37.28,11.50,7.82,11.94,2.50,13.22,38.20,11.39,5.77,7.77,10.28,2.09,13.67,1.34,1.06,0.32,1.65,0.87,80.12,0.63,128,156,BUENA,0.02,0.13,1.24,7.84,10.39,8.91,9.65,10.82,11.39,10.76,9.11,6.84,12.9,40.77,59.23,0.03,0.11,0.05,0.24,2.57,53.71,38.25,1.84,3.2,94.53,5.47,BUENA,1.00%,,0.034,32,941,15,20,0.14%,25,99.86%,50,74,24,30,1.25,,0.3,0,25,23529,5,5,5,5,0.021%,,,,,,,0,0,,,,
1/4/2026,II,OVASQUEZC,7530904,B,PE260104B0,03:30:00,ZARANDA,11,HD14399,Nicovita Katal Camarï¿½n,42.5-44.5,5.5-11.5,6.0-10,13,2.6,42.50,11.50,7.08,10.76,2.13,12.00,42.74,10.30,6.74,8.35,9.96,1.48,12.67,1.94,1.22,0.22,1.36,0.60,139.16,0.6,126,152,BUENA,0.02,0.06,1.29,10.45,17.27,18.38,18.28,13.44,7.59,4.02,2.32,1.61,5.27,57.69,42.31,0.03,0.2,0.13,0.2,4.1,60.36,32.08,2.28,0.62,96.54,3.46,BUENA,1.00%,,0.032,37,1156,15,60,0.35%,120,99.65%,50,74.8,24.8,30,1.21,,0.3,0,25,28906,120,120,120,120,0.415%,,,,,,,0,0,,,,
1/4/2026,II,OVASQUEZC,7549044,A,PE260104A0,05:30:00,ZARANDA,256,HD14257,Nicovita classic Camarï¿½n,35.5-37.5,5.5-11.5,6.5-10,12,2.5,37.28,11.50,7.82,11.94,2.50,13.22,38.25,11.29,5.77,7.81,10.47,2.07,13.25,1.33,1.03,0.31,1.61,0.94,85.57,0.63,120,140,BUENA,0.01,0.05,0.72,4.27,7.07,5.95,6.69,8.05,9.16,9.95,10.15,9.51,28.42,29.85,70.15,0.09,0.05,0.05,0.18,1.62,46.85,45.89,2.48,2.79,94.36,5.64,BUENA,1.30%,,0.042,36,857,15,15,0.12%,32,99.88%,50,74,24,30,1.25,,0.3,0,25,21429,5,5,5,5,0.023%,,,,,,,0,0,,,,
1/4/2026,II,OVASQUEZC,7530904,B,PE260104B0,05:30:00,ZARANDA,11,HD14399,Nicovita Katal Camarï¿½n,42.5-44.5,5.5-11.5,6.0-10,13,2.6,42.50,11.50,7.08,10.76,2.13,12.00,43.03,9.83,6.90,8.49,10.06,1.51,12.67,1.98,1.23,0.22,1.39,0.60,136.74,0.58,124,148,BUENA,0.02,0.09,1.2,9.62,14.47,15.72,17.96,15.3,10.08,5.41,2.77,1.79,5.57,59.06,40.94,0.1,0.14,0.22,0.27,5.11,62.67,28.59,2.16,0.74,96.37,3.63,BUENA,1.00%,,0.056,68,1214,15,60,0.33%,120,99.67%,50,74.9,24.9,30,1.20,,0.3,0,25,30357,100,100,100,100,0.329%,,,,,,,0,0,,,,
1/4/2026,II,OVASQUEZC,7549044,A,PE260104A0,05:45:00,PT,256,HD14257,Nicovita classic Camarï¿½n,35.5-37.5,5.5-11.5,6.5-10,12,2.5,37.28,11.50,7.82,11.94,2.50,13.22,38.26,10.95,6.19,8.25,10.21,2.03,13.46,1.35,1.01,0.30,1.64,0.87,82.15,0.63,123,146,BUENA,0.01,0.27,3.32,23.81,25.44,11.5,8.68,7.01,5.61,4.34,3.14,2.15,4.72,32.80,67.20,0.04,0.17,0.11,0.41,3.68,57.6,34.15,1.92,1.92,95.43,4.57,BUENA,0.15%,0.03%,0.038,53,1395,15,20,0.10%,30,99.90%,50,74,24,30,1.25,214,0.3,713,25,34868,5,8,8,8,0.023%,Concesiï¿½n,PIERO A.,1980,440,,,2420,60.5,40000482842-40000482869,Longitud,Flotabilidad 0.10 / Densidad 1.25 /  Conformidad Long 32.80 / Particulas por gramo 1395 / Reflote 0.023,Variabilidad de proceso
1/4/2026,II,OVASQUEZC,7530904,B,PE260104B0,05:45:00,PT,11,HD14399,Nicovita Katal Camarï¿½n,42.5-44.5,5.5-11.5,6.0-10,13,2.6,42.50,11.50,7.08,10.76,2.13,12.00,42.82,9.64,7.03,8.65,10.15,1.47,12.84,1.98,1.21,0.23,1.38,0.62,140.55,0.56,125,150,BUENA,0.02,0.04,1,9.09,15.35,18.24,19.78,14.51,8.28,4.2,2.41,1.68,5.4,60.81,39.19,0.01,0.08,0.24,0.24,3.38,61.09,31.84,2.47,0.65,96.31,3.69,BUENA,1.00%,0.04%,0.047,60,1277,15,100,0.52%,120,99.48%,50,74.8,24.8,30,1.21,205,0.3,683,25,31915,120,130,150,150,0.470%,Concesiï¿½n,PIERO A.,1650,339,,,1989,49.725,40000482838-40000482870,Flotabilidad,Flotabilidad 0.52 / Densidad 1.21 /  Conformidad Long 60.81 / Particulas por gramo 1277 / Reflote 0.470,Variabilidad de proceso
1/5/2026,I,DAGUIRREG,7530904,B,PE260105B0,07:40:00,ZARANDA,12,HD14399,Nicovita Katal Camarï¿½n,42.5-44.5,5.5-11.5,6.0-10,13,2.6,42.50,11.50,7.08,10.76,2.13,12.00,43.27,9.81,7.10,8.55,9.81,1.55,12.73,1.95,1.18,0.20,1.40,0.53,136.56,0.56,130,160,BUENA,0.03,0.14,1.52,10.31,15.37,15.92,17.24,14.15,9.07,5.02,2.83,1.79,6.61,56.38,43.62,0.27,0.38,0.17,0.53,5.88,63.23,27.09,1.85,0.6,96.2,3.80,BUENA,0.30%,,0.033,38,1152,15,20,0.12%,120,99.88%,50,74,24,30,1.25,,0.3,0,25,28788,10,15,15,15,0.052%,,,,,,,0,0,,,,
1/5/2026,I,DAGUIRREG,7530904,B,PE260105B0,09:15:00,ZARANDA,12,HD14399,Nicovita Katal Camarï¿½n,42.5-44.5,5.5-11.5,6.0-10,13,2.6,42.50,11.50,7.08,10.76,2.13,12.00,42.94,9.94,6.95,8.52,10.00,1.52,12.45,2.02,1.19,0.21,1.33,0.59,138.06,0.59,128,156,BUENA,0.04,0.14,1.62,11.11,16.96,16.92,17.31,13.33,7.86,4.23,2.41,1.66,6.41,55.42,44.58,0.14,0.3,0.21,0.57,5.74,58.41,31.43,2.42,0.78,95.58,4.42,BUENA,0.30%,,0.034,40,1176,15,22,0.12%,120,99.88%,50,74,24,30,1.25,,0.3,0,25,29412,18,18,18,18,0.061%,,,,,,,0,0,,,,
1/5/2026,I,DAGUIRREG,7530497,A,PE260105A0,11:00:00,ARRANQUE,165,HD14810,Nicovita Katal Camarï¿½n,38.5-40.5,5.5-11.5,6.5-10,12,2.6,38.55,11.50,8.50,12.00,2.40,11.06,40.51,10.28,5.02,6.94,10.59,2.21,12.02,1.56,1.09,0.31,1.59,0.85,98.81,0.59,136,172,BUENA,0.01,0.03,1.06,29.11,38.46,17.7,7.26,2.63,1.14,0.59,0.38,0.25,1.38,28.73,71.27,0.05,0.17,0.37,0.27,1.92,63.56,30.31,2.71,0.64,95.79,4.21,BUENA,0.18%,,0.034,40,1176,15,15,0.09%,45,99.92%,50,73.8,23.8,30,1.26,,0.3,0,25,29412,4,5,5,5,0.017%,,,,,,,0,0,,,,
1/5/2026,I,DAGUIRREG,7530904,B,PE260105B0,11:00:00,ZARANDA,12,HD14399,Nicovita Katal Camarï¿½n,42.5-44.5,5.5-11.5,6.0-10,13,2.6,42.50,11.50,7.08,10.76,2.13,12.00,42.84,10.08,7.10,8.60,9.98,1.49,12.64,2.01,1.18,0.20,1.35,0.60,139.22,0.58,130,160,BUENA,0.04,0.14,1.63,11.75,19.65,17.35,16.69,12.54,6.91,3.64,2.13,1.53,6,53.49,46.51,0.33,0.55,0.14,0.4,4.61,52.84,37.06,3.16,0.91,94.51,5.49,BUENA,0.25%,,0.03,55,1833,15,30,0.11%,120,99.89%,50,74,24,30,1.25,,0.3,0,25,45833,25,30,30,30,0.065%,,,,,,,0,0,,,,
1/5/2026,I,DAGUIRREG,7530497,A,PE260105A0,01:30:00,ZARANDA,165,HD14810,Nicovita Katal Camarï¿½n,38.5-40.5,5.5-11.5,6.5-10,12,2.6,38.55,11.50,8.50,12.00,2.40,11.06,40.13,10.77,5.61,7.45,10.26,2.32,12.15,1.51,1.11,0.38,1.60,0.74,96.91,0.6,128,156,BUENA,0.03,0.04,0.82,6.63,11.58,10.63,11.87,12.32,11.82,10.24,8.11,5.74,10.17,46.64,53.36,0.03,0,0.05,0.24,4.71,53.98,36.71,2.56,1.72,95.4,4.60,BUENA,0.30%,,0.038,55,1447,15,15,0.07%,45,99.93%,50,73,23,30,1.30,,0.3,0,25,36184,4,5,5,5,0.014%,,,,,,,0,0,,,,
1/5/2026,I,DAGUIRREG,7530904,B,PE260105B0,01:30:00,ZARANDA,12,HD14399,Nicovita Katal Camarï¿½n,42.5-44.5,5.5-11.5,6.0-10,13,2.6,42.50,11.50,7.08,10.76,2.13,12.00,42.44,10.22,7.28,8.79,10.25,1.41,12.72,2.07,1.19,0.20,1.38,0.64,137.78,0.59,130,160,BUENA,0.12,0.27,2.01,12.38,19.81,17.74,15.91,11.81,6.71,3.48,2.11,1.51,6.14,52.17,47.83,0.04,1,0.71,0.87,5.85,50.81,35.8,3.94,0.98,92.46,7.54,BUENA,0.48%,,0.04,78,1950,15,20,0.07%,55,99.93%,50,74,24,30,1.25,,0.3,0,25,48750,8,4,4,4,0.016%,,,,,,,0,0,,,,
1/5/2026,I,DAGUIRREG,7530497,A,PE260105A0,14:30:00,PT,165,HD14810,Nicovita Katal Camarï¿½n,38.5-40.5,5.5-11.5,6.5-10,12,2.6,38.55,11.50,8.50,12.00,2.40,11.06,40.45,9.30,5.50,7.53,10.55,2.17,12.47,1.53,1.09,0.32,1.63,0.85,91.08,0.58,136,172,BUENA,0.01,0.1,1.89,21.06,26.34,16.11,9.16,6.29,4.87,3.72,2.81,2.01,5.63,36.43,63.57,0.01,0.16,0.51,0.27,2.76,59.34,33.56,2.53,0.86,95.66,4.34,BUENA,0.48%,0.04%,0.032,38,1188,15,18,0.10%,45,99.90%,50,74,24,30,1.25,212,0.3,707,25,29688,4,5,5,5,0.017%,Concesiï¿½n,PIERO A.,594,,,,594,14.85,40000482768,Longitud,Flotabilidad 0.10 / Densidad 1.25 /  Conformidad Long 36.43 / Particulas por gramo 1188 / Reflote 0.017,Variabilidad de proceso
1/5/2026,I,DAGUIRREG,7530904,B,PE260105B0,14:30:00,PT,12,HD14399,Nicovita Katal Camarï¿½n,42.5-44.5,5.5-11.5,6.0-10,13,2.6,42.50,11.50,7.08,10.76,2.13,12.00,42.81,9.99,7.11,8.63,10.04,1.51,12.49,2.05,1.18,0.21,1.36,0.60,139.36,0.58,134,168,BUENA,0.05,0.15,1.56,10.85,17.15,15.88,17.05,13.6,8.52,4.75,2.62,1.66,6.16,55.05,44.95,0.04,0.45,0.5,0.47,6.07,58.44,30.52,2.63,0.88,95.03,4.97,BUENA,0.36%,0.05%,0.03,40,1333,15,22,0.11%,48,99.89%,50,73.8,23.8,30,1.26,210,0.3,700,25,33333,8,10,15,15,0.045%,Concesiï¿½n,PIERO A.,726,,,,726,18.15,40000482771,Flotabilidad,Flotabilidad 0.11 / Densidad 1.26 /  Conformidad Long 55.05  / Particulas por gramo 1333 / Reflote 0.045,Variabilidad de proceso
1/5/2026,II,OVASQUEZC,7530497,A,PE260105A0,15:30:00,ZARANDA,165,HD14810,Nicovita Katal Camarï¿½n,38.5-40.5,5.5-11.5,6.5-10,12,2.6,38.55,11.50,8.50,12.00,2.40,11.06,39.86,11.56,5.31,7.27,10.68,2.34,11.04,1.55,1.10,0.32,1.54,0.82,98.20,0.63,127,154,BUENA,0.02,0.1,1.19,5.86,10.29,9.36,9.66,11.01,11.11,10.16,8.38,6.63,16.23,41.14,58.86,0.02,0.01,0.03,0.67,12.14,45.5,31.7,4.66,5.27,89.34,10.66,BUENA,1.00%,,0.032,34,1063,15,5,0.03%,30,99.97%,50,74,24,30,1.25,,0.3,0,25,26563,5,5,5,5,0.019%,,,,,,,0,0,,,,
1/5/2026,II,OVASQUEZC,7530904,B,PE260105B0,15:30:00,ZARANDA,12,HD14399,Nicovita Katal Camarï¿½n,42.5-44.5,5.5-11.5,6.0-10,13,2.6,42.50,11.50,7.08,10.76,2.13,12.00,42.95,9.83,7.77,9.37,10.79,1.26,12.74,2.10,1.24,0.22,1.36,0.74,151.65,0.56,124,148,BUENA,0.09,0.22,1.74,10.65,18.01,16.07,15.86,12.94,8.32,4.62,2.69,1.85,6.94,53.19,46.81,0.07,0.79,0.44,0.86,6.2,49.85,34.96,4.03,2.8,91.01,8.99,BUENA,1.00%,,0.05,72,1440,15,15,0.07%,120,99.93%,50,73.9,23.9,30,1.26,,0.3,0,25,36000,25,25,25,25,0.069%,,,,,,,0,0,,,,
1/5/2026,II,OVASQUEZC,7530497,A,PE260105A0,17:30:00,ZARANDA,165,HD14810,Nicovita Katal Camarï¿½n,38.5-40.5,5.5-11.5,6.5-10,12,2.6,38.55,11.50,8.50,12.00,2.40,11.06,40.42,10.74,5.83,7.59,10.63,2.34,10.87,1.64,1.09,0.35,1.60,0.77,97.25,0.63,127,154,BUENA,0.02,0.21,2.42,10.25,16.26,13.17,11.86,10.99,9.35,7.49,5.67,4.15,8.16,45.37,54.63,0.01,0.01,0.07,1.68,16.14,43.19,28.7,4.92,5.28,88.03,11.97,BUENA,0.69%,,0.036,36,1000,15,25,0.17%,24,99.83%,50,74,24,30,1.25,,0.3,0,25,25000,8,10,10,10,0.040%,,,,,,,0,0,,,,
1/5/2026,II,OVASQUEZC,7530904,B,PE260105B0,17:30:00,ZARANDA,12,HD14399,Nicovita Katal Camarï¿½n,42.5-44.5,5.5-11.5,6.0-10,13,2.6,42.50,11.50,7.08,10.76,2.13,12.00,43.88,9.53,7.33,9.02,10.08,1.63,11.52,1.96,1.20,0.18,1.34,0.57,139.14,0.56,127,154,BUENA,0.09,0.3,2.66,13.83,16.98,16.43,15.36,12.64,7.58,4.13,2.31,1.55,6.14,52.01,47.99,0.06,0.82,0.55,0.85,10.49,65.28,20,1.37,0.58,95.77,4.23,BUENA,1.00%,,0.052,64,1231,15,30,0.16%,120,99.84%,50,74,24,30,1.25,,0.3,0,25,30769,15,20,20,20,0.065%,,,,,,,0,0,,,,
1/5/2026,II,OVASQUEZC,7530497,A,PE260105A0,19:30:00,ZARANDA,165,HD14810,Nicovita Katal Camarï¿½n,38.5-40.5,5.5-11.5,6.5-10,12,2.6,38.55,11.50,8.50,12.00,2.40,11.06,40.83,10.38,5.70,7.50,10.55,2.23,10.91,1.60,1.08,0.39,1.63,0.76,97.00,0.6,139,178,BUENA,0.06,0.47,3.81,13.82,18.27,13.97,10.76,9.7,7.77,6.27,4.85,3.5,6.75,42.20,57.80,0.03,0.08,0.21,1.97,16.09,44.04,29.58,4.48,3.52,89.71,10.29,BUENA,0.61%,,0.036,45,1250,15,20,0.11%,20,99.89%,50,73.8,23.8,30,1.26,,0.3,0,25,31250,5,5,5,5,0.016%,,,,,,,0,0,,,,
1/5/2026,II,OVASQUEZC,7530904,B,PE260105B0,19:30:00,ZARANDA,12,HD14399,Nicovita Katal Camarï¿½n,42.5-44.5,5.5-11.5,6.0-10,13,2.6,42.50,11.50,7.08,10.76,2.13,12.00,43.44,9.59,7.23,8.82,10.11,1.60,11.70,2.02,1.20,0.19,1.33,0.59,141.06,0.56,134,168,BUENA,0.1,0.44,3.14,14.75,19.19,16.39,14.83,10.94,6.43,3.54,2.1,1.54,6.61,48.59,51.41,0.16,1.04,0.83,1.73,9.22,57.18,26.47,2.14,1.23,92.87,7.13,BUENA,0.59%,,0.027,41,1519,15,50,0.22%,120,99.78%,50,74.2,24.2,30,1.24,,0.3,0,25,37963,60,60,60,60,0.158%,,,,,,,0,0,,,,
1/5/2026,II,OVASQUEZC,7530497,A,PE260105A0,21:00:00,ZARANDA,165,HD14810,Nicovita Katal Camarï¿½n,38.5-40.5,5.5-11.5,6.5-10,12,2.6,38.55,11.50,8.50,12.00,2.40,11.06,41.37,10.35,6.24,7.97,9.86,2.08,12.31,1.91,1.18,0.20,1.38,0.51,108.46,0.6,130,160,BUENA,0.07,0.48,3.62,12.42,17.14,12.53,10.85,9.67,8.03,6.45,5.13,4.04,9.57,41.08,58.92,0.04,0.19,0.38,1.96,15.88,43.38,30.28,4.8,3.09,89.54,10.46,BUENA,0.71%,,0.031,37,1194,15,20,0.11%,32,99.89%,50,74,24,30,1.25,,0.3,0,25,29839,10,10,10,10,0.034%,,,,,,,0,0,,,,
1/5/2026,II,OVASQUEZC,7530497,A,PE260105A0,21:30:00,PT,165,HD14810,Nicovita Katal Camarï¿½n,38.5-40.5,5.5-11.5,6.5-10,12,2.6,38.55,11.50,8.50,12.00,2.40,11.06,40.15,10.94,5.59,7.40,10.58,2.27,11.06,1.63,1.10,0.37,1.56,0.82,101.75,0.63,134,168,BUENA,0.02,0.18,1.87,8.65,14.22,11.17,10.72,11.16,10.21,8.6,6.87,5.25,11.08,43.26,56.74,0.01,0.03,0.13,1.16,13.31,45.82,31.42,4.29,3.83,90.55,9.45,BUENA,1.00%,0.03%,0.044,48,1091,15,15,0.09%,30,99.91%,50,73.9,23.9,30,1.26,210,0.3,700,25,27273,5,5,5,5,0.018%,Concesiï¿½n,PIERO A.,1122,,,,1122,28.05,40000482885,Longitud,Flotabilidad 0.09 / Densidad 1.25 /  Conformidad Long 43.26 / Particulas por gramo 1091 / Reflote 0.018,Variabilidad de proceso
1/5/2026,II,OVASQUEZC,7530904,B,PE260105B0,21:30:00,PT,12,HD14399,Nicovita Katal Camarï¿½n,42.5-44.5,5.5-11.5,6.0-10,13,2.6,42.50,11.50,7.08,10.76,2.13,12.00,43.20,9.52,7.35,8.80,10.23,1.42,12.59,2.03,1.22,0.24,1.37,0.64,137.23,0.59,132,164,BUENA,0.03,0.12,1.43,9.97,16.37,17.27,18.32,13.78,8.04,4.19,2.45,1.74,6.29,57.41,42.59,0.03,0.64,0.31,0.49,5.29,56.98,32.64,2.52,1.1,94.91,5.09,BUENA,1.50%,0.04%,0.042,54,1286,15,60,0.31%,120,99.69%,50,74.2,24.2,30,1.24,208,0.3,693,25,32143,60,60,60,60,0.187%,Concesiï¿½n,PIERO A.,924,,,,924,23.1,40000482886,Flotabilidad,Flotabilidad 0.31 / Densidad 1.26 /  Conformidad Long 57.41  / Particulas por gramo 1286 / Reflote 0.187,Variabilidad de proceso
1/5/2026,III,CSIVINCHAV,7530497,A,PE260105A0,23:45:00,ZARANDA,165,HD14810,Nicovita Katal Camarï¿½n,38.5-40.5,5.5-11.5,6.5-10,12,2.6,38.55,11.50,8.50,12.00,2.40,11.06,40.70,10.56,5.74,7.45,10.61,2.38,10.55,1.59,1.08,0.37,1.66,0.77,96.05,0.58,129,158,BUENA,0.03,0.23,2.31,9.65,15.83,12.13,10.82,9.61,8.6,7.16,5.8,4.66,13.17,41.16,58.84,0.12,0.23,0.29,1.79,15.92,40.12,30.99,6.24,4.3,87.03,12.97,BUENA,1.00%,,0.04,54,1350,15,6,0.03%,20,99.97%,50,73.2,23.2,30,1.29,,0.3,0,25,33750,1,1,1,1,0.003%,,,,,,,0,0,,,,
1/5/2026,III,CSIVINCHAV,7530904,B,PE260105B0,00:35:00,ARRANQUE,12,HD14399,Nicovita Katal Camarï¿½n,42.5-44.5,5.5-11.5,6.0-10,13,2.6,42.50,11.50,7.08,10.76,2.13,12.00,44.12,8.43,7.37,8.99,10.43,1.54,11.43,1.99,1.22,0.22,1.41,0.67,143.73,0.49,143,186,BUENA,0.03,0.06,1.09,9.07,12.51,17.3,21.01,16.46,8.96,4.82,2.65,1.54,4.5,63.73,36.27,0.01,0.07,0.28,0.27,8.09,76.21,13.05,0.65,1.37,97.35,2.65,BUENA,0.68%,,0.037,49,1324,15,10,0.05%,16,99.95%,50,74.5,24.5,30,1.22,,0.3,0,25,33108,5,5,5,5,0.015%,,,,,,,0,0,,,,
1/5/2026,III,CSIVINCHAV,7530497,A,PE260105A0,00:40:00,ZARANDA,165,HD14810,Nicovita Katal Camarï¿½n,38.5-40.5,5.5-11.5,6.5-10,12,2.6,38.55,11.50,8.50,12.00,2.40,11.06,40.51,10.74,5.28,7.12,10.68,2.37,10.85,1.62,1.09,0.39,1.64,0.81,97.03,0.59,130,160,BUENA,0.02,0.18,1.74,8.11,13.39,11.12,10.35,9.87,9.16,8.11,6.76,5.59,15.6,40.50,59.50,0.18,0.06,0.29,1.49,12.73,39.77,33.52,6.06,5.9,86.02,13.98,BUENA,0.96%,,0.044,51,1159,15,4,0.02%,12,99.98%,50,73.4,23.4,30,1.28,,0.3,0,25,28977,0,0,0,0,0.000%,,,,,,,0,0,,,,
1/5/2026,III,CSIVINCHAV,7530497,A,PE260105A0,03:00:00,ZARANDA,165,HD14810,Nicovita Katal Camarï¿½n,38.5-40.5,5.5-11.5,6.5-10,12,2.6,38.55,11.50,8.50,12.00,2.40,11.06,40.41,10.73,4.92,6.89,10.85,2.25,11.11,1.51,1.07,0.40,1.69,0.86,94.07,0.58,138,176,BUENA,0.05,0.4,3.33,11.29,16.35,11.87,10.1,8.85,7.89,6.82,5.64,4.72,12.69,38.71,61.29,0.19,0.14,0.29,1.44,12.23,39.12,32.75,7.54,6.3,84.1,15.90,BUENA,1.10%,,0.045,55,1222,15,45,0.25%,41,99.75%,50,74,24,30,1.25,,0.3,0,25,30556,1,1,1,1,0.003%,,,,,,,0,0,,,,
1/5/2026,III,CSIVINCHAV,7530904,B,PE260105B0,03:30:00,PT,12,HD14399,Nicovita Katal Camarï¿½n,42.5-44.5,5.5-11.5,6.0-10,13,2.6,42.50,11.50,7.08,10.76,2.13,12.00,42.96,9.20,7.18,8.94,10.54,1.57,11.78,1.86,1.19,0.22,1.40,0.73,140.16,0.54,131,162,BUENA,0.15,0.39,2.37,12.98,17.85,17.93,16.86,11.81,6.49,3.51,2.24,1.65,5.77,53.09,46.91,0.07,0.87,1.05,1.27,8.21,63.32,21.97,1.82,1.42,93.5,6.50,BUENA,1.23%,0.06%,0.06,83,1383,15,20,0.10%,35,99.90%,50,74,24,30,1.25,212,0.3,707,25,34583,10,10,10,10,0.029%,Concesiï¿½n,PIERO A.,630,,,,630,15.75,40000482790,Flotabilidad,Flotabilidad 0.10 / Densidad 1.25 /  Conformidad Long 53.09  / Particulas por gramo 1383,Variabilidad de proceso
1/5/2026,III,CSIVINCHAV,7549044,B,PE260105B0,05:10:00,ARRANQUE,257,HD14257,Nicovita classic Camarï¿½n,35.5-37.5,5.5-11.5,6.5-10,12,2.5,37.28,11.50,7.82,11.94,2.50,13.22,40.65,6.79,7.17,8.93,11.51,1.76,13.47,1.60,1.16,0.42,1.73,1.09,110.26,0.41,136,172,BUENA,0.05,0.15,2.3,19.15,24.05,18.97,12.92,7.22,3.77,2.41,1.96,1.73,5.32,42.88,57.12,0.25,0.37,0.28,0.38,5.44,59.54,28.39,2.84,2.51,93.37,6.63,BUENA,0.65%,,0.049,68,1388,15,65,0.31%,60,99.69%,50,74.2,24.2,30,1.24,,0.3,0,25,34694,150,150,150,150,0.432%,,,,,,,0,0,,,,
1/5/2026,III,CSIVINCHAV,7530497,A,PE260105A0,05:00:00,PT,165,HD14810,Nicovita Katal Camarï¿½n,38.5-40.5,5.5-11.5,6.5-10,12,2.6,38.55,11.50,8.50,12.00,2.40,11.06,40.44,10.63,5.37,7.11,10.57,2.34,11.15,1.57,1.08,0.38,1.64,0.79,94.98,0.58,138,176,BUENA,0.02,0.23,2.2,8.93,14.35,11.7,10.65,9.67,8.68,7.49,6.28,5.25,14.55,40.70,59.30,0.01,0.2,0.18,1.34,13.14,38.85,32.28,7.22,6.78,84.27,15.73,BUENA,1.10%,0.05%,0.055,66,1200,15,10,0.06%,20,99.94%,50,73.5,23.5,30,1.28,215,0.3,717,25,30000,1,1,1,1,0.003%,Concesiï¿½n,PIERO A.,922,254,,,1176,29.4,40000482789,Longitud,Flotabilidad 0.06 / Densidad 1.28 /  Conformidad Long 40.70  / Particulas por gramo 1200,Variabilidad de proceso
1/5/2026,III,CSIVINCHAV,7549044,B,PE260105B0,06:00:00,PT,257,HD14257,Nicovita classic Camarï¿½n,35.5-37.5,5.5-11.5,6.5-10,12,2.5,37.28,11.50,7.82,11.94,2.50,13.22,40.42,7.38,6.94,8.82,11.53,1.64,13.29,1.55,1.16,0.39,1.73,1.10,109.22,0.45,135,170,BUENA,0.06,0.13,2.33,18.71,24.29,18.82,13.01,7.55,3.76,2.39,1.98,1.65,5.32,43.14,56.86,0.05,0.43,0.37,0.28,5.9,61.04,26.55,3.04,2.34,93.49,6.51,BUENA,1.00%,0.04%,0.058,80,1379,15,110,0.53%,50,99.47%,50,74.2,24.2,30,1.24,212,0.3,707,25,34483,100,120,120,120,0.348%,Concesiï¿½n,PIERO A.,198,,,,198,4.95,40000482791,Flotabilidad,Flotabilidad 0.53 / Densidad 1.24 /  Conformidad Long 43.14  / Particulas por gramo 1379 / Reflote 0.348,Variabilidad de proceso
1/6/2026,I,DAGUIRREG,7530497,A,PE260106A0,07:40:00,ZARANDA,165,HD14810,Nicovita Katal Camarï¿½n,38.5-40.5,5.5-11.5,6.5-10,12,2.6,38.55,11.50,8.50,12.00,2.40,11.06,39.38,7.82,7.25,9.16,11.28,1.81,13.71,1.49,1.09,0.33,1.74,1.08,90.89,0.38,130,160,BUENA,0.02,0.04,1.08,10.52,16.79,17.34,18.29,15.28,9.73,5.03,2.3,1.01,2.57,60.64,39.36,0.13,0.51,0.32,0.22,5.44,65.15,24.12,1.38,2.73,94.71,5.29,BUENA,1.00%,,0.03,38,1267,15,15,0.08%,35,99.92%,50,73.8,23.8,30,1.26,,0.3,0,25,31667,2,2,2,2,0.006%,,,,,,,0,0,,,,
1/6/2026,I,DAGUIRREG,7549044,B,PE260106B0,07:40:00,ZARANDA,257,HD14257,Nicovita classic Camarï¿½n,35.5-37.5,5.5-11.5,6.5-10,12,2.5,37.28,11.50,7.82,11.94,2.50,13.22,40.16,10.10,6.19,7.91,10.57,2.13,11.79,1.53,1.05,0.39,1.63,0.83,96.84,0.55,132,164,BUENA,0.01,0.07,0.89,8.33,16.1,15.08,15.8,14.06,9.4,5.66,3.47,2.44,8.69,54.34,45.66,0.05,0.34,0.31,0.24,2.74,44.66,41.45,6.01,4.2,88.85,11.15,BUENA,1.00%,,0.03,45,1500,15,100,0.44%,120,99.56%,50,74,24,30,1.25,,0.3,0,25,37500,50,100,100,100,0.267%,,,,,,,0,0,,,,
1/6/2026,I,DAGUIRREG,7530497,A,PE260106A0,09:15:00,ZARANDA,165,HD14810,Nicovita Katal Camarï¿½n,38.5-40.5,5.5-11.5,6.5-10,12,2.6,38.55,11.50,8.50,12.00,2.40,11.06,40.29,9.94,6.17,8.03,10.67,2.03,11.76,1.53,1.06,0.37,1.60,0.85,100.55,0.55,134,168,BUENA,0.02,0.07,1.55,11.98,16.85,15.48,15.97,14.19,10.62,6.36,3.09,1.29,2.53,56.26,43.74,0.13,0.36,0.06,0.28,7,67.64,21.72,0.93,1.88,96.36,3.64,BUENA,0.38%,,0.034,55,1618,15,30,0.12%,45,99.88%,50,74,24,30,1.25,,0.3,0,25,40441,4,4,4,4,0.010%,,,,,,,0,0,,,,
1/6/2026,I,DAGUIRREG,7549044,B,PE260106B0,09:15:00,ZARANDA,257,HD14257,Nicovita classic Camarï¿½n,35.5-37.5,5.5-11.5,6.5-10,12,2.5,37.28,11.50,7.82,11.94,2.50,13.22,38.72,8.41,7.26,9.26,11.42,1.76,13.58,1.37,1.06,0.31,1.70,1.13,91.13,0.46,130,160,BUENA,0.02,0.09,0.74,6.2,12.98,13.14,14.53,14.58,11.32,7.65,4.67,3.01,11.07,53.57,46.43,0.05,0.18,0.15,0.3,2.13,40.57,43.37,7.27,5.98,86.07,13.93,BUENA,0.50%,,0.032,44,1375,15,88,0.43%,120,99.57%,50,74,24,30,1.25,,0.3,0,25,34375,100,110,110,110,0.320%,,,,,,,0,0,,,,
1/6/2026,I,DAGUIRREG,7530497,A,PE260106A0,14:00:00,PT,165,HD14810,Nicovita Katal Camarï¿½n,38.5-40.5,5.5-11.5,6.5-10,12,2.6,38.55,11.50,8.50,12.00,2.40,11.06,40.28,9.97,6.27,7.80,10.46,2.13,12.22,1.53,1.07,0.39,1.64,0.82,99.92,0.58,134,168,BUENA,0.02,0.05,1.3,10.79,15.81,16.05,16.91,14.73,10.45,6.17,3.12,1.48,3.12,58.14,41.86,0.12,0.12,0.17,0.21,6.65,64.55,22.71,1.67,3.8,93.91,6.09,BUENA,1.00%,0.04%,0.042,43,1024,15,35,0.23%,35,99.77%,50,74,24,30,1.25,212,0.3,707,25,25595,4,5,5,5,0.020%,Concesiï¿½n,PIERO A.,264,,,,264,6.6,40000483108,Flotabilidad,Flotabilidad 0.23 / Densidad 1.25 /  Conformidad Long 58.14 / Particulas por gramo 1024,Variabilidad de proceso
1/6/2026,I,DAGUIRREG,7549044,B,PE260106B0,14:00:00,PT,257,HD14257,Nicovita classic Camarï¿½n,35.5-37.5,5.5-11.5,6.5-10,12,2.5,37.28,11.50,7.82,11.94,2.50,13.22,38.55,8.73,7.01,9.04,11.52,1.85,13.35,1.57,1.06,0.30,1.70,1.13,89.63,0.38,136,172,BUENA,0.04,0.11,0.93,9.01,16.66,15.05,15.91,13.47,9.26,5.64,3.41,2.21,8.3,53.69,46.31,0.09,0.48,0.1,0.21,2.34,45.03,41.5,6.32,3.93,88.87,11.13,BUENA,1.00%,0.05%,0.054,55,1019,15,100,0.65%,120,99.35%,50,74,24,30,1.25,215,0.3,717,25,25463,100,100,100,100,0.393%,Concesiï¿½n,PIERO A.,198,,,,198,4.95,40000483110,Flotabilidad,Flotabilidad 0.65/ Densidad 1.25 /  Conformidad Long 53.69 / Particulas por gramo 1019/ Reflote 0.393,Variabilidad de proceso
1/6/2026,I,DAGUIRREG,7530497,A,PE260106A0,14:15:00,ARRANQUE,165,HD14810,Nicovita Katal Camarï¿½n,38.5-40.5,5.5-11.5,6.5-10,12,2.6,38.55,11.50,8.50,12.00,2.40,11.06,40.83,9.27,6.63,8.51,10.38,2.04,11.54,1.52,1.08,0.37,1.60,0.81,97.41,0.54,134,168,BUENA,0.02,0.06,0.93,6.97,9.6,12.2,17.25,20.08,15.08,8.31,3.58,1.42,4.5,64.61,35.39,0.02,0.09,0,0.26,5.67,75.12,17.66,0.6,0.58,98.45,1.55,BUENA,0.80%,,0.034,54,1588,15,45,0.19%,78,99.81%,50,73.8,23.8,30,1.26,,0.3,0,25,39706,5,5,5,5,0.013%,,,,,,,0,0,,,,
1/6/2026,I,DAGUIRREG,7549044,B,PE260106B0,14:15:00,ARRANQUE,257,HD14257,Nicovita classic Camarï¿½n,35.5-37.5,5.5-11.5,6.5-10,12,2.5,37.28,11.50,7.82,11.94,2.50,13.22,39.15,8.54,7.20,9.07,11.74,2.01,12.51,1.46,1.10,0.35,1.74,1.15,91.13,0.38,136,172,BUENA,0.02,0.1,1.66,15.57,22.59,22.29,16.14,8.77,4.12,2.16,1.36,1.03,4.19,51.32,48.68,0.01,0.18,0.24,0.52,3.95,69.46,23.42,1.38,0.84,96.83,3.17,BUENA,0.65%,,0.032,60,1875,15,120,0.43%,100,99.57%,50,74,24,30,1.25,,0.3,0,25,46875,20,15,15,15,0.043%,,,,,,,0,0,,,,
1/6/2026,II,DAGUIRREG,7549044,B,PE260106B0,15:30:00,ZARANDA,257,HD14257,Nicovita classic Camarï¿½n,35.5-37.5,5.5-11.5,6.5-10,12,2.5,37.28,11.50,7.82,11.94,2.50,13.22,38.79,10.11,6.46,8.47,11.48,2.02,11.96,1.43,1.09,0.33,1.68,1.14,87.07,0.58,134,168,BUENA,0.03,0.04,0.95,9.29,15.18,17.55,19.18,16.35,9.02,4.11,2.04,1.27,4.99,62.10,37.90,0.01,0.12,0.08,0.11,2.61,67.86,27.06,1.68,0.47,97.53,2.47,BUENA,0.50%,,0.034,68,2000,15,45,0.15%,80,99.85%,50,73.8,23.8,30,1.26,,0.3,0,25,50000,18,25,25,25,0.050%,,,,,,,0,0,,,,
1/6/2026,II,DAGUIRREG,7530497,A,PE260106A0,17:20:00,ARRANQUE,165,HD14810,Nicovita Katal Camarï¿½n,38.5-40.5,5.5-11.5,6.5-10,12,2.6,38.55,11.50,8.50,12.00,2.40,11.06,40.80,9.61,6.80,8.49,10.43,2.09,11.21,1.44,1.09,0.32,1.64,0.80,94.17,0.57,128,156,BUENA,0.05,0.04,0.86,7.6,11.98,12.27,14.18,15.34,13.91,10.51,6.4,3.07,3.79,55.70,44.30,0.05,0.01,0.28,0.19,3.48,67.8,25.7,1.99,0.5,96.98,3.02,BUENA,0.38%,,0.04,65,1625,15,50,0.21%,45,99.79%,50,74,24,30,1.25,,0.3,0,25,40625,2,2,2,2,0.005%,,,,,,,0,0,,,,
1/6/2026,II,DAGUIRREG,7549044,B,PE260106B0,17:20:00,ZARANDA,257,HD14257,Nicovita classic Camarï¿½n,35.5-37.5,5.5-11.5,6.5-10,12,2.5,37.28,11.50,7.82,11.94,2.50,13.22,38.13,10.72,6.55,8.56,11.59,1.99,12.86,1.47,1.05,0.32,1.67,1.17,85.45,0.6,130,160,BUENA,0.02,0.08,0.54,4.32,7.41,9.93,16.29,19.95,16.76,9.77,4.58,2.37,7.98,62.93,37.07,0.01,0.28,0.07,0.14,1.79,59.18,34.95,2.9,0.68,95.92,4.08,BUENA,0.40%,,0.035,68,1943,15,88,0.30%,120,99.70%,50,74,24,30,1.25,,0.3,0,25,48571,5,18,20,30,0.062%,,,,,,,0,0,,,,
1/6/2026,II,CSIVINCHAV,7530497,A,PE260106A0,19:40:00,ZARANDA,165,HD14810,Nicovita Katal Camarï¿½n,38.5-40.5,5.5-11.5,6.5-10,12,2.6,38.55,11.50,8.50,12.00,2.40,11.06,40.90,10.02,6.58,8.34,10.10,2.12,11.05,1.49,1.06,0.31,1.62,0.73,90.12,0.56,126,152,BUENA,0.01,0.06,1.12,8.95,13.83,12.1,12.95,14,12.68,9.99,6.54,3.48,4.29,51.73,48.27,0.06,0.01,0.25,0.24,3.9,68.56,24.69,1.56,0.73,97.15,2.85,BUENA,0.59%,,0.043,51,1186,15,1,0.01%,11,99.99%,50,73.6,23.6,30,1.27,,0.3,0,25,29651,1,1,1,1,0.003%,,,,,,,0,0,,,,
1/6/2026,II,CSIVINCHAV,7549044,B,PE260106B0,19:41:00,ZARANDA,257,HD14257,Nicovita classic Camarï¿½n,35.5-37.5,5.5-11.5,6.5-10,12,2.5,37.28,11.50,7.82,11.94,2.50,13.22,38.29,10.20,6.63,8.62,11.12,2.00,12.93,1.43,1.05,0.31,1.73,1.06,78.45,0.58,132,164,BUENA,0.04,0.19,0.94,6.16,11.92,12.8,17.02,18.13,13.21,7.38,3.55,1.87,6.79,61.16,38.84,0,0.23,0.21,0.51,2.3,50.63,40.85,4.44,0.83,93.78,6.22,BUENA,0.60%,,0.044,48,1091,15,100,0.61%,120,99.39%,50,74.3,24.3,30,1.23,,0.3,0,25,27273,160,160,200,200,0.733%,,,,,,,0,0,,,,
1/6/2026,II,CSIVINCHAV,7530497,A,PE260106A0,21:30:00,ZARANDA,165,HD14810,Nicovita Katal Camarï¿½n,38.5-40.5,5.5-11.5,6.5-10,12,2.6,38.55,11.50,8.50,12.00,2.40,11.06,40.67,9.96,6.18,7.98,10.53,2.13,11.24,1.47,1.08,0.39,1.68,0.82,93.40,0.53,130,160,BUENA,0.01,0.08,1.27,9.17,12.91,11.36,12.39,12.84,12.07,10.07,7.22,4.48,6.13,48.66,51.34,0.01,0,0.05,0.25,3.58,67.29,26.98,1.02,0.82,97.85,2.15,BUENA,0.59%,,0.059,69,1169,15,20,0.11%,120,99.89%,50,74.5,24.5,30,1.22,,0.3,0,25,29237,1,1,1,1,0.003%,,,,,,,0,0,,,,
1/6/2026,II,CSIVINCHAV,7549044,B,PE260106B0,21:31:00,ZARANDA,257,HD14257,Nicovita classic Camarï¿½n,35.5-37.5,5.5-11.5,6.5-10,12,2.5,37.28,11.50,7.82,11.94,2.50,13.22,37.27,12.09,6.68,8.64,11.43,2.11,12.23,1.37,1.00,0.36,1.71,1.14,77.25,0.63,127,154,BUENA,0.03,0.15,0.87,6.16,12.17,12.61,16.28,17.57,13.5,8,3.92,1.98,6.76,59.96,40.04,0.07,0.19,0.11,0.34,2.16,48.43,43,4.91,0.79,93.59,6.41,BUENA,0.38%,,0.057,63,1105,15,120,0.72%,120,99.28%,50,74.8,24.8,30,1.21,,0.3,0,25,27632,120,140,140,140,0.507%,,,,,,,0,0,,,,
1/6/2026,II,CSIVINCHAV,7530497,A,PE260106A0,22:00:00,PT,165,HD14810,Nicovita Katal Camarï¿½n,38.5-40.5,5.5-11.5,6.5-10,12,2.6,38.55,11.50,8.50,12.00,2.40,11.06,40.58,9.84,6.42,8.18,10.38,2.11,11.32,1.48,1.10,0.36,1.62,0.80,90.15,0.53,131,162,BUENA,0.03,0.08,1.11,8.28,12.85,12.39,13.84,14.62,13.06,9.97,6.29,3.23,4.25,53.91,46.09,0.03,0.06,0.09,0.18,3.67,66.73,26.72,1.92,0.6,97.12,2.88,BUENA,0.60%,0.06%,0.047,56,1191,15,5,0.03%,26,99.97%,50,73.9,23.9,30,1.26,216,0.3,720,25,29787,1,1,1,1,0.003%,Concesiï¿½n,PIERO A.,660,,,,660,16.5,40000483166,Flotabilidad,Flotabilidad 0.03 / Densidad 1.26 /  Conformidad Long 53.91 / Particulas por gramo 1191,Variabilidad de proceso
1/6/2026,II,CSIVINCHAV,7549044,B,PE260106B0,22:00:00,PT,257,HD14257,Nicovita classic Camarï¿½n,35.5-37.5,5.5-11.5,6.5-10,12,2.5,37.28,11.50,7.82,11.94,2.50,13.22,37.98,10.62,6.43,8.45,11.33,1.94,12.73,1.35,1.08,0.39,1.71,1.15,80.95,0.58,128,156,BUENA,0.02,0.07,0.79,7.13,12.99,13.92,16.48,15.84,11.95,7.08,3.72,2.16,7.85,58.19,41.81,0.01,0.12,0.39,0.19,2.19,48.64,41.85,5.03,1.58,92.68,7.32,BUENA,0.63%,0.08%,0.05,59,1180,15,100,0.56%,120,99.44%,50,74.4,24.4,30,1.23,213,0.3,710,25,29500,170,170,170,170,0.576%,Concesiï¿½n,PIERO A.,858,,,,858,21.45,40000483167,Flotabilidad,Flotabilidad 0.56 / Densidad 1.23 /  Conformidad Long 58.19 / Particulas por gramo 1180 / Reflote 0.576,Variabilidad de proceso
1/6/2026,III,CSIVINCHAV,7530497,A,PE260106A0,23:10:00,ZARANDA,165,HD14810,Nicovita Katal Camarï¿½n,38.5-40.5,5.5-11.5,6.5-10,12,2.6,38.55,11.50,8.50,12.00,2.40,11.06,40.63,9.95,5.95,7.74,10.56,2.14,11.10,1.39,1.05,0.39,1.69,0.87,91.94,0.55,132,164,BUENA,0.02,0.09,1.49,10.78,14.8,11.63,11.76,12.04,11.05,9.01,6.63,4.32,6.38,46.48,53.52,0.01,0.03,0.07,0.18,3.84,64.4,29.09,1.47,0.91,97.33,2.67,BUENA,0.49%,,0.051,53,1039,15,5,0.03%,30,99.97%,50,73.8,23.8,30,1.26,,0.3,0,25,25980,1,1,1,1,0.004%,,,,,,,0,0,,,,
1/6/2026,III,CSIVINCHAV,7549044,B,PE260106B0,00:48:00,ARRANQUE,257,HD14257,Nicovita classic Camarï¿½n,35.5-37.5,5.5-11.5,6.5-10,12,2.5,37.28,11.50,7.82,11.94,2.50,13.22,37.58,11.37,6.45,8.40,11.52,2.04,12.22,1.42,1.05,0.39,1.70,1.16,81.75,0.62,126,152,BUENA,0.08,0.29,0.95,5.8,10.84,11.39,15.13,16.91,14.11,9.13,4.88,2.53,7.96,57.54,42.46,0.12,0.35,0.26,0.33,2.35,47.55,42.9,4.94,1.2,92.8,7.20,BUENA,0.41%,,0.055,55,1000,15,115,0.77%,120,99.23%,50,74.6,24.6,30,1.22,,0.3,0,25,25000,200,200,200,200,0.800%,,,,,,,0,0,,,,
1/6/2026,III,CSIVINCHAV,7530497,A,PE260106A0,00:55:00,ZARANDA,165,HD14810,Nicovita Katal Camarï¿½n,38.5-40.5,5.5-11.5,6.5-10,12,2.6,38.55,11.50,8.50,12.00,2.40,11.06,40.45,10.00,5.86,7.57,10.77,2.17,11.22,1.50,1.09,0.44,1.71,0.86,96.38,0.56,132,164,BUENA,0.04,0.18,1.86,12.47,15,11.16,11.8,11.05,10.28,8.64,6.49,4.27,6.76,44.29,55.71,0.02,0.02,0.09,0.34,3.62,66.19,27.38,1.27,1.07,97.19,2.81,BUENA,0.39%,,0.044,50,1136,15,5,0.03%,25,99.97%,50,73.8,23.8,30,1.26,,0.3,0,25,28409,1,1,1,1,0.004%,,,,,,,0,0,,,,
1/6/2026,III,CSIVINCHAV,7549044,B,PE260106B0,02:55:00,ZARANDA,257,HD14257,Nicovita classic Camarï¿½n,35.5-37.5,5.5-11.5,6.5-10,12,2.5,37.28,11.50,7.82,11.94,2.50,13.22,40.17,7.32,6.79,8.61,11.56,2.05,12.79,1.33,1.14,0.35,1.80,1.12,82.34,0.42,124,148,BUENA,0.08,0.32,1.79,9.49,11.28,15.94,19.7,16.3,9.99,5.27,2.79,1.65,5.4,61.93,38.07,0.01,0.1,0.39,0.43,8.53,74.98,13.36,1.06,1.14,96.87,3.13,BUENA,0.95%,,0.063,76,1206,15,25,0.14%,40,99.86%,50,73.8,23.8,30,1.26,,0.3,0,25,30159,60,60,60,60,0.199%,,,,,,,0,0,,,,
1/6/2026,III,CSIVINCHAV,7530497,A,PE260106A0,03:10:00,ZARANDA,165,HD14810,Nicovita Katal Camarï¿½n,38.5-40.5,5.5-11.5,6.5-10,12,2.6,38.55,11.50,8.50,12.00,2.40,11.06,40.46,10.12,5.47,7.27,10.81,2.20,11.19,1.45,1.10,0.42,1.70,0.87,94.31,0.56,130,160,BUENA,0.01,0.13,1.72,10.61,13.69,11.01,11,11.19,10.2,8.96,7.25,5.28,8.95,43.40,56.60,0.02,0.1,0.05,0.28,4.2,65.88,27.29,1.09,1.09,97.37,2.63,BUENA,0.56%,,0.063,63,1000,15,15,0.10%,35,99.90%,50,74,24,30,1.25,,0.3,0,25,25000,0,0,0,0,0.000%,,,,,,,0,0,,,,
1/6/2026,III,CSIVINCHAV,7530497,A,PE260106A0,05:20:00,ZARANDA,165,HD14810,Nicovita Katal Camarï¿½n,38.5-40.5,5.5-11.5,6.5-10,12,2.6,38.55,11.50,8.50,12.00,2.40,11.06,40.77,9.98,5.50,7.37,10.24,2.18,11.67,1.46,1.10,0.42,1.66,0.78,93.82,0.55,129,158,BUENA,0.02,0.12,1.34,8.43,15.38,11.61,10.49,10.68,9.84,8.85,7.33,5.48,10.43,42.62,57.38,0.01,0.08,0.1,0.41,3.51,51.22,40.05,3.48,1.14,94.78,5.22,BUENA,0.60%,,0.036,41,1139,15,5,0.03%,20,99.97%,50,73.9,23.9,30,1.26,,0.3,0,25,28472,0,0,0,0,0.000%,,,,,,,0,0,,,,
1/6/2026,III,CSIVINCHAV,7549044,B,PE260106B0,05:30:00,ZARANDA,257,HD14257,Nicovita classic Camarï¿½n,35.5-37.5,5.5-11.5,6.5-10,12,2.5,37.28,11.50,7.82,11.94,2.50,13.22,39.94,7.02,7.00,8.92,11.65,2.02,12.90,1.37,1.15,0.36,1.85,1.12,80.60,0.44,126,152,BUENA,0.11,0.27,1.36,7.39,9.44,11.18,14.8,16.32,14.3,10.11,5.92,3.09,5.71,56.60,43.40,0.01,0.17,0.34,0.35,4.58,67.7,25.12,1.27,0.46,97.4,2.60,BUENA,0.48%,,0.059,67,1136,15,43,0.25%,40,99.75%,50,74,24,30,1.25,,0.3,0,25,28390,40,40,40,40,0.141%,,,,,,,0,0,,,,
1/6/2026,III,CSIVINCHAV,7530497,A,PE260106A0,06:00:00,PT,165,HD14810,Nicovita Katal Camarï¿½n,38.5-40.5,5.5-11.5,6.5-10,12,2.6,38.55,11.50,8.50,12.00,2.40,11.06,40.53,10.13,5.87,7.66,10.59,2.15,11.13,1.37,1.06,0.41,1.67,0.86,89.25,0.56,130,160,BUENA,0.01,0.16,1.71,11.16,14.47,11.86,11.56,11.72,10.81,8.92,6.55,4.25,6.82,45.95,54.05,0.01,0.14,0.05,0.31,3.96,66.79,26.35,1.38,1.01,97.1,2.90,BUENA,0.51%,0.06%,0.054,68,1259,15,45,0.24%,30,99.76%,50,73.8,23.8,30,1.26,213,0.3,710,25,31481,1,1,1,1,0.003%,Concesiï¿½n,PIERO A.,1452,132,,,1584,39.6,40000483186-40000483070,Longitud,Flotabilidad 0.24 / Densidad 1.26 /  Conformidad Long 45.95 / Particulas por gramo 1159,Variabilidad de proceso
1/6/2026,III,CSIVINCHAV,7549044,B,PE260106B0,06:00:00,PT,257,HD14257,Nicovita classic Camarï¿½n,35.5-37.5,5.5-11.5,6.5-10,12,2.5,37.28,11.50,7.82,11.94,2.50,13.22,39.36,8.41,6.64,8.55,11.64,2.03,12.52,1.36,1.14,0.38,1.82,1.15,77.33,0.48,125,150,BUENA,0.08,0.25,1.61,8.73,11.31,14.57,18.7,16.46,10.7,6.02,3.21,1.85,6.51,60.43,39.57,0.01,0.14,0.19,0.39,9.25,68.56,18.34,1.84,1.28,96.15,3.85,BUENA,0.39%,0.08%,0.059,67,1136,15,60,0.35%,45,99.65%,50,74,24,30,1.25,217,0.3,723,25,28390,60,60,60,60,0.211%,Concesiï¿½n,PIERO A.,726,264,,,990,24.75,40000483072,Flotabilidad,Flotabilidad 0.35 / Densidad 1.25 /  Conformidad Long 60.43 / Particulas por gramo 1136 / Reflote 0.211,Variabilidad de proceso
1/7/2026,I,JALVARADOS,7530497,A,PE260107A0,07:20:00,ZARANDA,165,HD14810,Nicovita Katal Camarï¿½n,38.5-40.5,5.5-11.5,6.5-10,12,2.6,38.55,11.50,8.50,12.00,2.40,11.06,40.36,10.31,5.94,7.84,10.13,2.09,12.32,1.37,1.07,0.42,1.64,0.77,95.23,0.56,125,150,BUENA,0.02,0.05,0.92,6.71,12.93,11.4,10.6,10.21,10.57,9.75,8.27,6.32,12.25,42.78,57.22,0.02,0,0,0.3,3.28,51.45,39.71,3.57,1.67,94.44,5.56,BUENA,0.63%,,0.036,37,1028,15,8,0.05%,40,99.95%,50,74.1,24.1,30,1.24,,0.3,0,25,25694,5,5,5,5,0.019%,,,,,,,0,0,,,,
1/7/2026,I,JALVARADOS,7549044,B,PE260107B0,07:20:00,ZARANDA,257,HD14257,Nicovita classic Camarï¿½n,35.5-37.5,5.5-11.5,6.5-10,12,2.5,37.28,11.50,7.82,11.94,2.50,13.22,39.03,8.12,6.92,8.94,11.41,2.03,13.00,1.37,1.09,0.32,1.75,1.12,75.25,0.48,128,156,BUENA,0.03,0.16,0.87,3.67,5.22,4.88,6.04,8.09,10.05,11.66,11.98,10.74,26.61,29.06,70.94,0.01,0.02,0.2,0.19,3.13,52.02,41,2.94,0.49,96.15,3.85,BUENA,0.28%,,0.027,25,926,15,64,0.46%,120,99.54%,50,74.2,24.2,30,1.24,,0.3,0,25,23148,100,100,100,120,0.518%,,,,,,,0,0,,,,
1/7/2026,I,JALVARADOS,7530497,A,PE260107A0,09:20:00,ZARANDA,165,HD14810,Nicovita Katal Camarï¿½n,38.5-40.5,5.5-11.5,6.5-10,12,2.6,38.55,11.50,8.50,12.00,2.40,11.06,39.88,10.24,5.95,7.92,10.81,2.05,12.17,1.49,1.10,0.43,1.58,0.88,101.46,0.56,120,140,BUENA,0.02,0.13,1.75,10.18,13.8,10.57,10.19,10.59,10.23,9.19,7.63,5.68,10.04,41.58,58.42,0.02,0.29,0.11,0.36,3.37,57.99,34.37,1.91,1.58,95.73,4.27,BUENA,0.58%,,0.071,89,1254,15,5,0.03%,25,99.97%,50,74.2,24.2,30,1.24,,0.3,0,25,31338,3,3,5,5,0.016%,,,,,,,0,0,,,,
1/7/2026,I,JALVARADOS,7530497,A,PE260107A0,10:00:00,PT,165,HD14810,Nicovita Katal Camarï¿½n,38.5-40.5,5.5-11.5,6.5-10,12,2.6,38.55,11.50,8.50,12.00,2.40,11.06,40.26,10.22,5.76,7.71,10.46,2.01,12.35,1.43,1.09,0.42,1.62,0.82,95.49,0.56,122,144,BUENA,0.04,0.18,1.76,9.55,15.06,11.18,10.53,10.43,10.05,8.86,7.25,5.47,9.64,42.19,57.81,0.03,0.09,0.22,0.38,3.83,52.71,37.94,3.27,1.53,94.48,5.52,BUENA,0.73%,0.05%,0.06,65,1083,15,15,0.09%,50,99.91%,50,74,24,30,1.25,215,0.3,717,25,27083,5,5,5,5,0.018%,Concesiï¿½n,PIERO A.,356,,,,356,8.9,40000483071,Flotabilidad,Flotabilidad 0.09 / Densidad 1.25 /  Conformidad Long 42.19 / Particulas por gramo 1083,Variabilidad de proceso
1/7/2026,I,JALVARADOS,7549044,B,PE260107B0,11:00:00,ARRANQUE,257,HD14257,Nicovita classic Camarï¿½n,35.5-37.5,5.5-11.5,6.5-10,12,2.5,37.28,11.50,7.82,11.94,2.50,13.22,37.80,9.44,7.64,9.58,11.38,1.86,13.31,1.33,1.06,0.33,1.66,1.16,87.50,0.52,120,140,BUENA,0.03,0.14,0.71,5.21,9.52,9.92,13.39,14.93,14.09,11.34,7.47,4.28,8.97,52.33,47.67,0.08,0.03,0.06,0.17,2.9,59.49,33.64,2.62,1.01,96.03,3.97,BUENA,0.81%,,0.047,47,1000,15,20,0.13%,80,99.87%,50,73.5,23.5,30,1.28,,0.3,0,25,25000,80,80,100,100,0.400%,,,,,,,0,0,,,,
1/7/2026,I,JALVARADOS,7549044,B,PE260107B0,13:00:00,ZARANDA,257,HD14257,Nicovita classic Camarï¿½n,35.5-37.5,5.5-11.5,6.5-10,12,2.5,37.28,11.50,7.82,11.94,2.50,13.22,37.42,10.61,7.26,9.15,11.27,1.95,13.05,1.42,1.04,0.36,1.65,1.15,83.86,0.54,120,140,BUENA,0.03,0.17,0.58,4.72,11.92,11.98,15.11,16.72,13.36,8.54,4.76,2.79,9.32,57.17,42.83,0.01,0.18,0.21,0.52,2.24,39.22,49.98,6.29,1.35,91.44,8.56,BUENA,0.53%,,0.04,40,1000,15,85,0.57%,120,99.43%,50,73.8,23.8,30,1.26,,0.3,0,25,25000,120,120,130,130,0.520%,,,,,,,0,0,,,,
1/7/2026,I,JALVARADOS,7549044,B,PE260107B0,13:30:00,PT,257,HD14257,Nicovita classic Camarï¿½n,35.5-37.5,5.5-11.5,6.5-10,12,2.5,37.28,11.50,7.82,11.94,2.50,13.22,38.99,8.22,7.16,9.07,11.44,1.95,13.28,1.30,1.12,0.34,1.79,1.13,78.83,0.48,123,146,BUENA,0.07,0.26,1.16,6.4,9.35,11.62,13.61,14.69,12.7,9.5,6.48,4.25,9.91,52.62,47.38,0.01,0.34,0.07,0.43,4.12,60.67,31.14,2.45,0.77,95.93,4.07,BUENA,0.61%,0.06%,0.042,45,1071,15,80,0.50%,120,99.50%,50,73.8,23.8,30,1.26,214,0.3,713,25,26786,100,100,120,120,0.448%,Concesiï¿½n,PIERO A.,462,,,,462,11.55,40000483073,Flotabilidad,Flotabilidad 0.5 / Densidad 1.26 /  Conformidad Long 52.62 / Particulas por gramo 1071/ Reflote 0.448,Variabilidad de proceso
1/7/2026,II,APACHAMANGOL,7549044,B,PE260107B0,17:00:00,ARRANQUE,257,HD14257,Nicovita classic Camarï¿½n,35.5-37.5,5.5-11.5,6.5-10,12,2.5,37.28,11.50,7.82,11.94,2.50,13.22,37.08,11.13,7.17,9.09,11.59,2.01,12.72,1.35,1.00,0.33,1.67,1.23,81.62,0.57,123,146,BUENA,0.03,0.12,1.92,13.51,17.02,21.5,19.77,11.3,5.55,2.91,1.78,1.17,3.42,58.12,41.88,0.01,0.06,0.34,0.39,9.55,80.84,7.9,0.48,0.43,98.29,1.71,BUENA,0.58%,,0.038,48,1263,15,6,0.03%,25,99.97%,50,73.9,23.9,30,1.26,,0.3,0,25,31579,5,5,5,5,0.016%,,,,,,,0,0,,,,
1/7/2026,II,APACHAMANGOL,7549044,B,PE260107B0,19:00:00,ZARANDA,257,HD14257,Nicovita classic Camarï¿½n,35.5-37.5,5.5-11.5,6.5-10,12,2.5,37.28,11.50,7.82,11.94,2.50,13.22,38.88,9.77,7.23,9.19,10.58,2.03,12.96,1.45,1.08,0.32,1.71,0.94,76.83,0.55,120,140,BUENA,0.1,0.2,0.88,6.08,10.57,12.43,15.79,16.84,13.05,8.42,4.67,2.7,8.27,58.11,41.89,0.16,0.59,0.14,0.53,3.56,54.77,36.84,2.92,0.49,95.17,4.83,BUENA,0.62%,,0.026,29,1115,15,25,0.15%,40,99.85%,50,73.4,23.4,30,1.28,,0.3,0,25,27885,10,10,20,25,0.090%,,,,,,,0,0,,,,
1/7/2026,II,APACHAMANGOL,7549044,B,PE260107B0,21:00:00,ZARANDA,257,HD14257,Nicovita classic Camarï¿½n,35.5-37.5,5.5-11.5,6.5-10,12,2.5,37.28,11.50,7.82,11.94,2.50,13.22,38.86,9.31,6.92,9.01,10.88,1.87,12.85,1.33,1.10,0.33,1.69,1.04,75.26,0.52,120,140,BUENA,0.03,0.1,0.39,2.49,6.24,5.87,7.27,8.75,10.29,11.08,10.86,9.44,27.19,32.18,67.82,0.23,0.08,0.33,0.55,1.67,32.29,54.92,8.72,1.21,88.88,11.12,BUENA,0.81%,,0.033,27,818,15,100,0.81%,120,99.19%,50,73.8,23.8,30,1.26,,0.3,0,25,20455,500,500,500,500,2.444%,,,,,,,0,0,,,,
1/7/2026,II,APACHAMANGOL,7549044,B,PE260107B0,21:30:00,PT,257,HD14257,Nicovita classic Camarï¿½n,35.5-37.5,5.5-11.5,6.5-10,12,2.5,37.28,11.50,7.82,11.94,2.50,13.22,38.35,9.94,7.12,9.14,10.90,2.02,13.01,1.37,1.03,0.30,1.67,1.06,72.01,0.54,128,156,BUENA,0.03,0.16,1.13,7.97,11.37,14.32,17.48,15.93,11.19,6.88,3.92,2.39,7.23,58.92,41.08,0.07,0.2,0.62,0.43,5.92,66.65,23.19,2.28,0.64,95.76,4.24,BUENA,0.79%,0.03%,0.036,44,1222,15,25,0.14%,50,99.86%,50,73.9,23.9,30,1.26,212,0.3,707,25,30556,20,20,25,25,0.082%,Concesiï¿½n,PIERO A.,594,,,,594,14.85,40000483368,Flotabilidad,"Flotabilidad   0.14 / Densidad 1.28 /  Conformidad Long 58.92  / Particulas por gramo 1222 / Proteina alta 38.35 ",Variabilidad de proceso
1/7/2026,III,FCERDANY,7549044,B,PE260107B0,00:30:00,PT,257,HD14257,Nicovita classic Camarï¿½n,35.5-37.5,5.5-11.5,6.5-10,12,2.5,37.28,11.50,7.82,11.94,2.50,13.22,39.28,8.73,7.41,9.34,10.45,1.98,12.86,1.32,1.05,0.30,1.69,0.95,83.45,0.47,130,160,BUENA,0.02,0.16,0.68,3.5,6.37,6.07,6.73,7.13,7.46,7.92,8.32,8.45,37.19,27.39,72.61,0.01,0.06,0.12,0.39,3.66,43.77,45.68,5.3,1.01,93.11,6.89,BUENA,0.38%,0.04%,0.039,32,821,15,150,1.22%,120,98.78%,50,74.6,24.6,30,1.22,215,0.3,717,25,20513,400,400,450,450,2.194%,Concesiï¿½n,PIERO A.,96,,,,96,2.4,40000483095,Flotabilidad,"Flotabilidad   1.22 / Densidad 1.22 /  Conformidad long. 27.39  / Particulas por gramo 20513 / Proteina alta 39.28 ",Variabilidad de proceso
1/7/2026,III,FCERDANY,7549044,B,PE260107B0,01:50:00,ARRANQUE,257,HD14257,Nicovita classic Camarï¿½n,35.5-37.5,5.5-11.5,6.5-10,12,2.5,37.28,11.50,7.82,11.94,2.50,13.22,40.35,7.30,8.10,9.76,9.71,2.05,13.56,1.36,1.11,0.38,1.73,0.69,75.99,0.47,142,184,BUENA,0.01,0.05,1.42,12.06,17.11,19.83,17.68,11.51,7.14,4.32,2.49,1.52,4.86,56.16,43.84,0.01,0.31,0.19,0.3,7.91,75.85,14.43,0.62,0.38,98.19,1.81,BUENA,0.45%,,0.036,46,1278,15,10,0.05%,15,99.95%,50,74,24,30,1.25,,0.3,0,25,31944,5,5,5,5,0.016%,,,,,,,0,0,,,,
1/7/2026,III,FCERDANY,7549044,B,PE260107B0,03:50:00,ZARANDA,257,HD14257,Nicovita classic Camarï¿½n,35.5-37.5,5.5-11.5,6.5-10,12,2.5,37.28,11.50,7.82,11.94,2.50,13.22,38.17,9.88,7.46,9.35,10.39,1.98,13.38,1.40,1.02,0.30,1.65,0.92,76.02,0.55,138,176,BUENA,0.02,0.09,1.63,11.52,14.83,15.93,17.05,14.09,8.86,4.99,2.83,1.81,6.35,55.93,44.07,0.01,0.24,0.12,0.28,6.05,69.21,22.34,1.33,0.42,97.6,2.40,BUENA,0.55%,,0.038,45,1184,15,25,0.14%,35,99.86%,50,73.8,23.8,30,1.26,,0.3,0,25,29605,50,50,50,50,0.169%,,,,,,,0,0,,,,
1/7/2026,III,FCERDANY,7549044,B,PE260107B0,05:50:00,ZARANDA,257,HD14257,Nicovita classic Camarï¿½n,35.5-37.5,5.5-11.5,6.5-10,12,2.5,37.28,11.50,7.82,11.94,2.50,13.22,38.23,9.46,7.31,9.25,10.76,1.95,13.23,1.26,1.05,0.34,1.72,1.02,72.82,0.56,136,172,BUENA,0.02,0.15,1.79,9.94,12.96,13.41,14.89,14.34,11.03,7.36,4.46,2.67,6.98,53.67,46.33,0.12,0.01,0.04,0.44,6.24,66.4,24.6,1.69,0.46,97.24,2.76,BUENA,0.48%,,0.048,58,1208,15,16,0.09%,25,99.91%,50,74,24,30,1.25,,0.3,0,25,30208,30,30,30,30,0.099%,,,,,,,0,0,,,,
1/7/2026,III,FCERDANY,7549044,B,PE260107B0,06:30:00,PT,257,HD14257,Nicovita classic Camarï¿½n,35.5-37.5,5.5-11.5,6.5-10,12,2.5,37.28,11.50,7.82,11.94,2.50,13.22,38.37,9.34,7.44,9.34,10.45,2.01,13.32,1.35,1.05,0.35,1.71,0.94,72.51,0.55,140,180,BUENA,0.02,0.1,1.61,11.59,15.25,16.49,16.12,13.12,8.9,5.41,3.18,2.02,6.19,54.63,45.37,0,0.44,0.29,0.42,6.93,70.91,19.24,1.29,0.48,97.08,2.92,BUENA,0.50%,0.02%,0.04,45,1125,15,15,0.09%,36,99.91%,50,74,24,30,1.25,214,0.3,713,25,28125,20,20,25,25,0.089%,Concesiï¿½n,PIERO A.,528,198,,,726,18.15,40000483096,Proteina alta,Proteina alta 38.37 / Densidad 1.25 /  Conformidad Long 54.63,Variabilidad de proceso
1/8/2026,I,JALVARADOS,7549044,B,PE260108B0,07:30:00,ZARANDA,257,HD14257,Nicovita classic Camarï¿½n,35.5-37.5,5.5-11.5,6.5-10,12,2.5,37.28,11.50,7.82,11.94,2.50,13.22,37.75,9.55,7.36,9.34,11.15,1.99,13.26,1.43,1.05,0.34,1.70,1.11,73.89,0.56,127,154,BUENA,0.06,0.32,2,7.5,7.59,7.11,8.5,10.09,10.81,10.78,9.55,7.5,18.19,36.51,63.49,0.01,0.17,0.31,0.44,5.68,64.46,26.61,1.61,0.71,96.75,3.25,BUENA,0.67%,,0.035,40,1143,15,5,0.03%,25,99.97%,50,74.2,24.2,30,1.24,,0.3,0,25,28571,30,50,50,100,0.350%,,,,,,,0,0,,,,
1/8/2026,I,JALVARADOS,7549044,B,PE260108B0,11:15:00,ARRANQUE,257,HD14257,Nicovita classic Camarï¿½n,35.5-37.5,5.5-11.5,6.5-10,12,2.5,37.28,11.50,7.82,11.94,2.50,13.22,38.27,9.75,6.60,8.61,11.41,2.05,13.39,1.46,1.08,0.34,1.69,1.13,81.56,0.57,127,154,BUENA,0.02,0.03,0.65,5.83,10.5,15.76,18.65,16.19,10.56,6.1,3.69,2.58,9.44,61.16,38.84,0.01,0.39,0.19,0.21,3.54,67.56,24.24,2.38,1.48,95.34,4.66,BUENA,0.41%,,0.015,18,1200,15,15,0.08%,120,99.92%,50,74.3,24.3,30,1.23,,0.3,0,25,30000,80,80,100,100,0.333%,,,,,,,0,0,,,,
1/8/2026,I,JALVARADOS,7549044,B,PE260108B0,13:50:00,ZARANDA,257,HD14257,Nicovita classic Camarï¿½n,35.5-37.5,5.5-11.5,6.5-10,12,2.5,37.28,11.50,7.82,11.94,2.50,13.22,37.79,9.52,6.59,8.64,11.93,2.02,12.90,1.46,1.08,0.33,1.72,1.27,79.08,0.56,123,146,BUENA,0.03,0.17,1.38,9.2,13.17,14.19,15.95,15.27,10.28,5.98,3.43,2.24,8.71,55.69,44.31,0.13,0.26,0.1,0.32,4.36,61.87,28.94,2.83,1.19,95.17,4.83,BUENA,0.53%,,0.032,38,1188,15,10,0.06%,120,99.94%,50,74.2,24.2,30,1.24,,0.3,0,25,29688,120,120,150,150,0.505%,,,,,,,0,0,,,,
1/8/2026,I,JALVARADOS,7549044,B,PE260108B0,14:30:00,PT,257,HD14257,Nicovita classic Camarï¿½n,35.5-37.5,5.5-11.5,6.5-10,12,2.5,37.28,11.50,7.82,11.94,2.50,13.22,37.86,9.76,7.10,9.02,11.25,1.92,13.37,1.37,1.04,0.32,1.72,1.14,76.12,0.56,120,140,BUENA,0.05,0.29,1.84,8.78,10.98,10.48,11.89,12.13,10.31,8.57,6.65,4.93,13.1,44.81,55.19,0.02,0.11,0.14,0.47,5.43,59.71,30.42,2.74,0.96,95.56,4.44,BUENA,0.48%,0.03%,0.058,63,1086,15,45,0.28%,80,99.72%,50,74.3,24.3,30,1.23,208,0.3,693,25,27155,100,100,120,120,0.442%,Concesiï¿½n,PIERO A.,132,,,,132,3.3,40000483522,Flotabilidad,Flotabilidad 0.28% / Densidad 1.23 /  Conformidad Long 44.81 / Particulas por gramo 1086 / Proteina alta 37.86,Variabilidad de proceso
1/8/2026,II,APACHAMANGOL,7549044,B,PE260108B0,19:00:00,ARRANQUE,257,HD14257,Nicovita classic Camarï¿½n,35.5-37.5,5.5-11.5,6.5-10,12,2.5,37.28,11.50,7.82,11.94,2.50,13.22,38.35,9.55,7.71,9.57,10.78,1.92,13.25,1.45,1.02,0.29,1.67,0.95,75.53,0.56,130,160,BUENA,0.01,0.07,2.12,17.66,23.75,22.33,13.64,6.84,3.64,2.23,1.59,1.29,4.83,46.45,53.55,0.09,0.11,0.26,0.33,7.33,76.86,13.33,1.05,0.64,97.52,2.48,BUENA,0.68%,,0.026,34,1308,15,20,0.10%,39,99.90%,50,74.1,24.1,30,1.24,,0.3,0,25,32692,30,50,50,100,0.306%,,,,,,,0,0,,,,
1/8/2026,II,APACHAMANGOL,7549044,B,PE260108B0,21:00:00,ZARANDA,257,HD14257,Nicovita classic Camarï¿½n,35.5-37.5,5.5-11.5,6.5-10,12,2.5,37.28,11.50,7.82,11.94,2.50,13.22,37.90,9.58,7.30,9.29,11.34,1.95,13.56,1.43,1.07,0.32,1.67,1.09,76.25,0.51,128,156,BUENA,0.03,0.42,4.98,25.45,22.97,14.75,9.25,5.77,4.27,3.16,2.23,1.55,5.17,34.04,65.96,0.05,0.15,0.21,0.55,9.85,69.27,18.15,1.43,0.34,97.27,2.73,BUENA,0.18%,,0.026,42,1615,15,30,0.12%,60,99.88%,50,74.2,24.2,30,1.24,,0.3,0,25,40385,80,80,120,120,0.297%,,,,,,,0,0,,,,
1/8/2026,II,APACHAMANGOL,7549044,B,PE260108B0,22:00:00,PT,257,HD14257,Nicovita classic Camarï¿½n,35.5-37.5,5.5-11.5,6.5-10,12,2.5,37.28,11.50,7.82,11.94,2.50,13.22,37.66,10.39,6.71,8.73,11.49,2.01,13.01,1.43,1.04,0.32,1.60,1.18,82.03,0.57,131,162,BUENA,0.05,0.15,1.49,10.36,14.27,14.64,14.54,13.06,9.87,6.43,3.96,2.51,8.67,52.11,47.89,0.07,0.31,0.17,0.37,4.48,62.23,28.17,3.26,0.94,94.88,5.12,BUENA,0.58%,0.05%,0.039,47,1205,15,68,0.38%,120,99.62%,50,74.2,24.2,30,1.24,208,0.3,693,25,30128,28,28,28,28,0.093%,Concesiï¿½n,PIERO A.,990,,,,990,24.75,40000483615,Flotabilidad,Flotabilidad 0.38% / Densidad 1.24 /  Conformidad Long 52.11 / Particulas por gramo 1205,Variabilidad de proceso
1/8/2026,III,CSIVINCHAV,7549044,B,PE260108B0,23:40:00,ZARANDA,257,HD14257,Nicovita classic Camarï¿½n,35.5-37.5,5.5-11.5,6.5-10,12,2.5,37.28,11.50,7.82,11.94,2.50,13.22,37.53,10.01,7.33,9.18,11.34,1.96,13.16,1.43,1.06,0.35,1.68,1.16,76.10,0.56,139,178,BUENA,0.02,0.14,1.12,4.54,6.47,5.24,6.32,8.09,9.03,9.72,9.67,8.76,30.88,28.68,71.32,0.01,0.29,0.03,0.39,4.81,49.04,39.52,5,0.91,93.37,6.63,BUENA,0.41%,,0.059,52,881,15,95,0.72%,120,99.28%,50,74.6,24.6,30,1.22,,0.3,0,25,22034,250,300,300,300,1.362%,,,,,,,0,0,,,,
1/8/2026,III,CSIVINCHAV,7549044,B,PE260108B0,03:30:00,ARRANQUE,257,HD14257,Nicovita classic Camarï¿½n,35.5-37.5,5.5-11.5,6.5-10,12,2.5,37.28,11.50,7.82,11.94,2.50,13.22,38.33,8.88,7.65,9.40,11.23,1.89,13.39,1.23,1.07,0.34,1.73,1.14,78.11,0.49,138,176,BUENA,0.03,0.1,1.07,7.43,9.92,12.8,17.69,17.1,12.29,7.42,4.4,2.8,6.95,59.88,40.12,0.01,0.28,0.16,0.5,7.18,76.72,13.8,0.84,0.51,97.7,2.30,BUENA,0.39%,,0.048,53,1104,15,10,0.06%,20,99.94%,50,74.2,24.2,30,1.24,,0.3,0,25,27604,30,30,30,30,0.109%,,,,,,,0,0,,,,
1/8/2026,III,CSIVINCHAV,7549044,B,PE260108B0,05:20:00,ZARANDA,257,HD14257,Nicovita classic Camarï¿½n,35.5-37.5,5.5-11.5,6.5-10,12,2.5,37.28,11.50,7.82,11.94,2.50,13.22,38.77,7.47,7.99,9.70,11.51,1.93,13.86,1.43,1.11,0.37,1.80,1.08,83.93,0.45,136,172,BUENA,0.03,0.18,1.29,7.4,9.07,10.18,13.23,14.86,13.42,10.15,6.5,3.88,9.81,51.69,48.31,0.07,0.05,0.11,0.55,9.21,71.11,17.28,1.01,0.61,97.6,2.40,BUENA,0.45%,,0.05,57,1140,15,10,0.06%,21,99.94%,50,74,24,30,1.25,,0.3,0,25,28500,15,15,15,15,0.053%,,,,,,,0,0,,,,
1/8/2026,III,CSIVINCHAV,7549044,B,PE260108B0,06:00:00,PT,257,HD14257,Nicovita classic Camarï¿½n,35.5-37.5,5.5-11.5,6.5-10,12,2.5,37.28,11.50,7.82,11.94,2.50,13.22,38.32,8.68,7.46,9.38,11.26,1.89,13.53,1.29,1.06,0.35,1.75,1.11,76.19,0.47,138,176,BUENA,0.04,0.13,1.02,6.53,8.61,10,13.16,13.98,11.82,8.91,6.39,4.62,14.79,48.96,51.04,0.03,0.17,0.05,0.36,7.05,67.67,22.2,1.82,0.65,96.92,3.08,BUENA,0.47%,,0.053,61,1151,15,85,0.49%,110,99.51%,50,74.4,24.4,30,1.23,209,0.3,697,25,28774,180,180,180,180,0.626%,Concesiï¿½n,PIERO A.,660,,,,660,16.5,,Flotabilidad,Flotabilidad 0.49% / Densidad 1.23 /  Conformidad Long 48.96 / Particulas por gramo 151 / Reflote 0.626,Variabilidad de proceso
1/9/2026,I,JALVARADOS,7549044,B,PE260109B0,07:30:00,ZARANDA,257,HD14257,Nicovita classic Camarï¿½n,35.5-37.5,5.5-11.5,6.5-10,12,2.5,37.28,11.50,7.82,11.94,2.50,13.22,38.14,8.79,7.45,9.29,11.52,1.84,13.78,1.37,1.12,0.33,1.72,1.16,79.84,0.46,,-100,,0.05,0.25,1.3,5.29,6.82,6.68,7.33,8.95,10.52,10.98,10.22,8.52,23.09,33.48,66.52,0.01,0.05,0.6,0.36,5,60.2,29.72,2.83,1.23,94.92,5.08,BUENA,0.53%,,0.037,39,1054,15,10,0.06%,50,99.94%,50,74.3,24.3,30,1.23,,0.3,0,25,26351,50,50,70,70,0.266%,,,,,,,0,0,,,,