IdRegistro,IdVariable,Valor
REG-0012001,1,39.2
REG-0012001,2,11.51
REG-0012001,3,5.2
REG-0012001,14,7.06
REG-0012001,4,9.52
REG-0012001,5,1.97
REG-0012001,6,14.45
REG-0012001,7,1.44
REG-0012001,8,1.05
REG-0012001,9,0.36
REG-0012001,10,1.56
REG-0012001,11,0.72
REG-0012001,12,92.43
REG-0012001,13,0.64
REG-0012002,1,39.84
REG-0012002,2,8.69
REG-0012002,3,5.25
REG-0012002,14,7.27
REG-0012002,4,10.35
REG-0012002,5,1.95
REG-0012002,6,14.62
REG-0012002,7,1.29
REG-0012002,8,1.12
REG-0012002,9,0.36
REG-0012002,10,1.73
REG-0012002,11,0.86
REG-0012002,12,83.75
REG-0012002,13,0.49
REG-0012003,1,42.38
REG-0012003,2,10.12
REG-0012003,3,7.57
REG-0012003,14,9.22
REG-0012003,4,9.72
REG-0012003,5,1.34
REG-0012003,6,14.55
REG-0012003,7,1.6
REG-0012003,8,1.25
REG-0012003,9,0.27
REG-0012003,10,1.61
REG-0012003,11,0.67
REG-0012003,12,166.24
REG-0012003,13,0.58
REG-0012004,1,39.84
REG-0012004,2,8.77
REG-0012004,3,4.91
REG-0012004,14,6.94
REG-0012004,4,10.65
REG-0012004,5,1.89
REG-0012004,6,14.39
REG-0012004,7,1.32
REG-0012004,8,1.15
REG-0012004,9,0.37
REG-0012004,10,1.69
REG-0012004,11,0.95
REG-0012004,12,89.25
REG-0012004,13,0.49
REG-0012005,1,43.24
REG-0012005,2,7.63
REG-0012005,3,7.77
REG-0012005,14,9.58
REG-0012005,4,10.04
REG-0012005,5,1.35
REG-0012005,6,15.34
REG-0012005,7,1.71
REG-0012005,8,1.32
REG-0012005,9,0.28
REG-0012005,10,1.58
REG-0012005,11,0.68
REG-0012005,12,169.6
REG-0012005,13,0.44
REG-0012006,1,43.56
REG-0012006,2,6.97
REG-0012006,3,8.26
REG-0012006,14,9.78
REG-0012006,4,9.91
REG-0012006,5,1.68
REG-0012006,6,13.88
REG-0012006,7,1.85
REG-0012006,8,1.31
REG-0012006,9,0.3
REG-0012006,10,1.43
REG-0012006,11,0.57
REG-0012006,12,123.9
REG-0012006,13,0.41
REG-0012007,1,38.98
REG-0012007,2,10.27
REG-0012007,3,5.17
REG-0012007,14,7.12
REG-0012007,4,10.66
REG-0012007,5,1.95
REG-0012007,6,14.1
REG-0012007,7,1.3
REG-0012007,8,1.06
REG-0012007,9,0.35
REG-0012007,10,1.7
REG-0012007,11,0.99
REG-0012007,12,83.58
REG-0012007,13,0.6
REG-0012008,1,43.27
REG-0012008,2,8.14
REG-0012008,3,8.19
REG-0012008,14,9.6
REG-0012008,4,9.77
REG-0012008,5,1.56
REG-0012008,6,13.67
REG-0012008,7,1.89
REG-0012008,8,1.25
REG-0012008,9,0.23
REG-0012008,10,1.35
REG-0012008,11,0.52
REG-0012008,12,134.38
REG-0012008,13,0.36
REG-0012009,1,38.61
REG-0012009,2,10.54
REG-0012009,3,5.25
REG-0012009,14,7.23
REG-0012009,4,10.97
REG-0012009,5,1.94
REG-0012009,6,13.78
REG-0012009,7,1.29
REG-0012009,8,1.05
REG-0012009,9,0.36
REG-0012009,10,1.69
REG-0012009,11,1.09
REG-0012009,12,80.88
REG-0012009,13,0.58
REG-0012010,1,42.93
REG-0012010,2,8.57
REG-0012010,3,8.21
REG-0012010,14,9.77
REG-0012010,4,9.67
REG-0012010,5,1.54
REG-0012010,6,13.26
REG-0012010,7,1.99
REG-0012010,8,1.24
REG-0012010,9,0.22
REG-0012010,10,1.33
REG-0012010,11,0.51
REG-0012010,12,133.86
REG-0012010,13,0.54
REG-0012011,1,38.47
REG-0012011,2,10.48
REG-0012011,3,4.87
REG-0012011,14,6.97
REG-0012011,4,10.76
REG-0012011,5,2
REG-0012011,6,14.1
REG-0012011,7,1.39
REG-0012011,8,1.07
REG-0012011,9,0.34
REG-0012011,10,1.7
REG-0012011,11,0.97
REG-0012011,12,83.24
REG-0012011,13,0.6
REG-0012012,1,42.55
REG-0012012,2,8.75
REG-0012012,3,7.61
REG-0012012,14,9.05
REG-0012012,4,9.95
REG-0012012,5,1.45
REG-0012012,6,13.8
REG-0012012,7,2
REG-0012012,8,1.22
REG-0012012,9,0.24
REG-0012012,10,1.34
REG-0012012,11,0.55
REG-0012012,12,142.19
REG-0012012,13,0.5
REG-0012013,1,38.86
REG-0012013,2,10.83
REG-0012013,3,5.17
REG-0012013,14,7.25
REG-0012013,4,10.31
REG-0012013,5,1.97
REG-0012013,6,14.12
REG-0012013,7,1.33
REG-0012013,8,1.03
REG-0012013,9,0.3
REG-0012013,10,1.66
REG-0012013,11,0.9
REG-0012013,12,86.34
REG-0012013,13,0.6
REG-0012014,1,42.47
REG-0012014,2,7.81
REG-0012014,3,5.57
REG-0012014,14,7.3
REG-0012014,4,10.48
REG-0012014,5,1.93
REG-0012014,6,13.37
REG-0012014,7,1.78
REG-0012014,8,1.24
REG-0012014,9,0.35
REG-0012014,10,1.52
REG-0012014,11,0.77
REG-0012014,12,116.03
REG-0012014,13,0.38
REG-0012015,1,42.24
REG-0012015,2,9.05
REG-0012015,3,7.17
REG-0012015,14,8.65
REG-0012015,4,9.92
REG-0012015,5,1.56
REG-0012015,6,13.59
REG-0012015,7,1.9
REG-0012015,8,1.21
REG-0012015,9,0.24
REG-0012015,10,1.38
REG-0012015,11,0.63
REG-0012015,12,144.28
REG-0012015,13,0.51
REG-0012016,1,38.2
REG-0012016,2,10.74
REG-0012016,3,5.14
REG-0012016,14,7.12
REG-0012016,4,11.16
REG-0012016,5,1.93
REG-0012016,6,13.54
REG-0012016,7,1.33
REG-0012016,8,1.04
REG-0012016,9,0.34
REG-0012016,10,1.63
REG-0012016,11,1.09
REG-0012016,12,84.68
REG-0012016,13,0.59
REG-0012017,1,42.35
REG-0012017,2,7.7
REG-0012017,3,7.85
REG-0012017,14,9.26
REG-0012017,4,10.09
REG-0012017,5,1.4
REG-0012017,6,14.13
REG-0012017,7,2.15
REG-0012017,8,1.21
REG-0012017,9,0.3
REG-0012017,10,1.34
REG-0012017,11,0.66
REG-0012017,12,145.99
REG-0012017,13,0.35
REG-0012018,1,37.65
REG-0012018,2,10.57
REG-0012018,3,5.99
REG-0012018,14,7.88
REG-0012018,4,11.02
REG-0012018,5,1.99
REG-0012018,6,13.67
REG-0012018,7,1.32
REG-0012018,8,1.03
REG-0012018,9,0.34
REG-0012018,10,1.68
REG-0012018,11,1.02
REG-0012018,12,87.6
REG-0012018,13,0.58
REG-0012019,1,40.71
REG-0012019,2,7.33
REG-0012019,3,8.43
REG-0012019,14,9.91
REG-0012019,4,9.85
REG-0012019,5,1.13
REG-0012019,6,16.6
REG-0012019,7,2.03
REG-0012019,8,1.2
REG-0012019,9,0.39
REG-0012019,10,1.3
REG-0012019,11,0.67
REG-0012019,12,147.38
REG-0012019,13,0.36
REG-0012020,1,38.49
REG-0012020,2,10.89
REG-0012020,3,6.16
REG-0012020,14,8.12
REG-0012020,4,10.34
REG-0012020,5,1.99
REG-0012020,6,13.37
REG-0012020,7,1.3
REG-0012020,8,0.98
REG-0012020,9,0.29
REG-0012020,10,1.65
REG-0012020,11,0.95
REG-0012020,12,80.59
REG-0012020,13,0.58
REG-0012021,1,42.76
REG-0012021,2,7.51
REG-0012021,3,8.05
REG-0012021,14,9.53
REG-0012021,4,9.97
REG-0012021,5,1.38
REG-0012021,6,14.08
REG-0012021,7,2.14
REG-0012021,8,1.22
REG-0012021,9,0.3
REG-0012021,10,1.31
REG-0012021,11,0.58
REG-0012021,12,138.95
REG-0012021,13,0.4
REG-0012022,1,38.02
REG-0012022,2,10.38
REG-0012022,3,6.12
REG-0012022,14,8.04
REG-0012022,4,11.13
REG-0012022,5,1.92
REG-0012022,6,13.67
REG-0012022,7,1.36
REG-0012022,8,1.04
REG-0012022,9,0.32
REG-0012022,10,1.69
REG-0012022,11,1.08
REG-0012022,12,86.31
REG-0012022,13,0.56
REG-0012023,1,43.69
REG-0012023,2,7.58
REG-0012023,3,7.39
REG-0012023,14,9.04
REG-0012023,4,9.94
REG-0012023,5,1.56
REG-0012023,6,12.48
REG-0012023,7,1.98
REG-0012023,8,1.2
REG-0012023,9,0.28
REG-0012023,10,1.38
REG-0012023,11,0.56
REG-0012023,12,136.38
REG-0012023,13,0.48
REG-0012024,1,37.89
REG-0012024,2,10.82
REG-0012024,3,5.48
REG-0012024,14,7.76
REG-0012024,4,11.08
REG-0012024,5,1.88
REG-0012024,6,13.42
REG-0012024,7,0.96
REG-0012024,8,0.85
REG-0012024,9,0.38
REG-0012024,10,1.71
REG-0012024,11,1.08
REG-0012024,12,82.62
REG-0012024,13,0.59
REG-0012025,1,42.32
REG-0012025,2,9.22
REG-0012025,3,6.91
REG-0012025,14,8.45
REG-0012025,4,9.57
REG-0012025,5,1.66
REG-0012025,6,13.45
REG-0012025,7,1.74
REG-0012025,8,1.16
REG-0012025,9,0.21
REG-0012025,10,1.43
REG-0012025,11,0.59
REG-0012025,12,113.84
REG-0012025,13,0.56
REG-0012026,1,38.24
REG-0012026,2,10.69
REG-0012026,3,5.92
REG-0012026,14,7.85
REG-0012026,4,10.85
REG-0012026,5,1.91
REG-0012026,6,13.53
REG-0012026,7,1.33
REG-0012026,8,1.05
REG-0012026,9,0.33
REG-0012026,10,1.66
REG-0012026,11,1.04
REG-0012026,12,84.44
REG-0012026,13,0.62
REG-0012027,1,43.64
REG-0012027,2,8
REG-0012027,3,7.4
REG-0012027,14,8.97
REG-0012027,4,10.09
REG-0012027,5,1.41
REG-0012027,6,12.96
REG-0012027,7,2.03
REG-0012027,8,1.26
REG-0012027,9,0.27
REG-0012027,10,1.37
REG-0012027,11,0.6
REG-0012027,12,143.57
REG-0012027,13,0.4
REG-0012028,1,38.22
REG-0012028,2,10.94
REG-0012028,3,6.25
REG-0012028,14,8.2
REG-0012028,4,10.4
REG-0012028,5,1.98
REG-0012028,6,13.58
REG-0012028,7,1.37
REG-0012028,8,1.01
REG-0012028,9,0.3
REG-0012028,10,1.65
REG-0012028,11,0.94
REG-0012028,12,80.69
REG-0012028,13,0.63
REG-0012029,1,43.14
REG-0012029,2,8.62
REG-0012029,3,6.97
REG-0012029,14,8.66
REG-0012029,4,10.11
REG-0012029,5,1.61
REG-0012029,6,12.78
REG-0012029,7,1.97
REG-0012029,8,1.24
REG-0012029,9,0.25
REG-0012029,10,1.34
REG-0012029,11,0.62
REG-0012029,12,137.06
REG-0012029,13,0.42
REG-0012030,1,37.42
REG-0012030,2,11.07
REG-0012030,3,5.91
REG-0012030,14,7.91
REG-0012030,4,11.25
REG-0012030,5,1.94
REG-0012030,6,13.25
REG-0012030,7,1.34
REG-0012030,8,1.03
REG-0012030,9,0.32
REG-0012030,10,1.63
REG-0012030,11,1.15
REG-0012030,12,81.32
REG-0012030,13,0.63
REG-0012031,1,42.88
REG-0012031,2,9.2
REG-0012031,3,7.21
REG-0012031,14,8.83
REG-0012031,4,10.15
REG-0012031,5,1.54
REG-0012031,6,13.1
REG-0012031,7,2.04
REG-0012031,8,1.24
REG-0012031,9,0.25
REG-0012031,10,1.34
REG-0012031,11,0.59
REG-0012031,12,137.43
REG-0012031,13,0.52
REG-0012032,1,37.52
REG-0012032,2,11.03
REG-0012032,3,5.74
REG-0012032,14,7.75
REG-0012032,4,11.43
REG-0012032,5,2.02
REG-0012032,6,13.6
REG-0012032,7,1.47
REG-0012032,8,1.07
REG-0012032,9,0.35
REG-0012032,10,1.62
REG-0012032,11,1.18
REG-0012032,12,82.82
REG-0012032,13,0.63
REG-0012033,1,43.14
REG-0012033,2,8.82
REG-0012033,3,7.38
REG-0012033,14,8.96
REG-0012033,4,9.86
REG-0012033,5,1.53
REG-0012033,6,13.04
REG-0012033,7,1.97
REG-0012033,8,1.21
REG-0012033,9,0.21
REG-0012033,10,1.38
REG-0012033,11,0.57
REG-0012033,12,137.27
REG-0012033,13,0.5
REG-0012034,1,38.07
REG-0012034,2,10.94
REG-0012034,3,5.24
REG-0012034,14,7.44
REG-0012034,4,11.29
REG-0012034,5,2.07
REG-0012034,6,13.32
REG-0012034,7,1.31
REG-0012034,8,1.03
REG-0012034,9,0.34
REG-0012034,10,1.66
REG-0012034,11,1.15
REG-0012034,12,77.97
REG-0012034,13,0.62
REG-0012035,1,43.15
REG-0012035,2,8.6
REG-0012035,3,7.28
REG-0012035,14,8.85
REG-0012035,4,9.98
REG-0012035,5,1.44
REG-0012035,6,13.1
REG-0012035,7,1.95
REG-0012035,8,1.23
REG-0012035,9,0.23
REG-0012035,10,1.35
REG-0012035,11,0.6
REG-0012035,12,136.91
REG-0012035,13,0.48
REG-0012036,1,38.2
REG-0012036,2,11.04
REG-0012036,3,5.42
REG-0012036,14,7.47
REG-0012036,4,11.05
REG-0012036,5,1.99
REG-0012036,6,13.09
REG-0012036,7,1.37
REG-0012036,8,1.04
REG-0012036,9,0.28
REG-0012036,10,1.59
REG-0012036,11,1.08
REG-0012036,12,85.93
REG-0012036,13,0.63
REG-0012037,1,43.61
REG-0012037,2,8.24
REG-0012037,3,7.23
REG-0012037,14,8.82
REG-0012037,4,10.05
REG-0012037,5,1.42
REG-0012037,6,12.93
REG-0012037,7,2.08
REG-0012037,8,1.24
REG-0012037,9,0.21
REG-0012037,10,1.35
REG-0012037,11,0.6
REG-0012037,12,140.62
REG-0012037,13,0.42
REG-0012038,1,37.85
REG-0012038,2,10.69
REG-0012038,3,5.92
REG-0012038,14,7.94
REG-0012038,4,11.2
REG-0012038,5,1.99
REG-0012038,6,13.33
REG-0012038,7,1.44
REG-0012038,8,1.04
REG-0012038,9,0.36
REG-0012038,10,1.69
REG-0012038,11,1.09
REG-0012038,12,79.99
REG-0012038,13,0.52
REG-0012039,1,43.52
REG-0012039,2,8.17
REG-0012039,3,7.43
REG-0012039,14,8.9
REG-0012039,4,10.02
REG-0012039,5,1.52
REG-0012039,6,13
REG-0012039,7,2.15
REG-0012039,8,1.28
REG-0012039,9,0.21
REG-0012039,10,1.37
REG-0012039,11,0.56
REG-0012039,12,140.79
REG-0012039,13,0.46
REG-0012040,1,38.02
REG-0012040,2,10.82
REG-0012040,3,5.61
REG-0012040,14,7.63
REG-0012040,4,11.37
REG-0012040,5,2.01
REG-0012040,6,13.22
REG-0012040,7,1.36
REG-0012040,8,1.1
REG-0012040,9,0.38
REG-0012040,10,1.68
REG-0012040,11,1.11
REG-0012040,12,82.02
REG-0012040,13,0.56
REG-0012041,1,43.45
REG-0012041,2,8.35
REG-0012041,3,7.09
REG-0012041,14,8.8
REG-0012041,4,10.07
REG-0012041,5,1.45
REG-0012041,6,13.3
REG-0012041,7,2.05
REG-0012041,8,1.25
REG-0012041,9,0.22
REG-0012041,10,1.41
REG-0012041,11,0.58
REG-0012041,12,137.02
REG-0012041,13,0.5
REG-0012042,1,38.36
REG-0012042,2,10.89
REG-0012042,3,5.86
REG-0012042,14,7.87
REG-0012042,4,10.61
REG-0012042,5,2.08
REG-0012042,6,13.55
REG-0012042,7,1.37
REG-0012042,8,1.04
REG-0012042,9,0.26
REG-0012042,10,1.62
REG-0012042,11,0.95
REG-0012042,12,85.12
REG-0012042,13,0.57
REG-0012043,1,42.67
REG-0012043,2,9.86
REG-0012043,3,7.01
REG-0012043,14,8.58
REG-0012043,4,10.07
REG-0012043,5,1.49
REG-0012043,6,13.39
REG-0012043,7,1.84
REG-0012043,8,1.25
REG-0012043,9,0.23
REG-0012043,10,1.41
REG-0012043,11,0.62
REG-0012043,12,144.75
REG-0012043,13,0.57
REG-0012044,1,37.63
REG-0012044,2,10.94
REG-0012044,3,6.07
REG-0012044,14,7.97
REG-0012044,4,11.29
REG-0012044,5,2.02
REG-0012044,6,13.37
REG-0012044,7,1.38
REG-0012044,8,1.03
REG-0012044,9,0.34
REG-0012044,10,1.68
REG-0012044,11,1.18
REG-0012044,12,80.37
REG-0012044,13,0.56
REG-0012045,1,37.83
REG-0012045,2,10.6
REG-0012045,3,6.06
REG-0012045,14,8.04
REG-0012045,4,11.3
REG-0012045,5,1.98
REG-0012045,6,13.16
REG-0012045,7,1.29
REG-0012045,8,1
REG-0012045,9,0.31
REG-0012045,10,1.7
REG-0012045,11,1.16
REG-0012045,12,79.77
REG-0012045,13,0.56
REG-0012046,1,43.86
REG-0012046,2,7.31
REG-0012046,3,7.28
REG-0012046,14,8.89
REG-0012046,4,10.27
REG-0012046,5,1.46
REG-0012046,6,13.29
REG-0012046,7,1.96
REG-0012046,8,1.28
REG-0012046,9,0.27
REG-0012046,10,1.43
REG-0012046,11,0.66
REG-0012046,12,142.99
REG-0012046,13,0.43
REG-0012047,1,37.76
REG-0012047,2,11.02
REG-0012047,3,6.59
REG-0012047,14,8.35
REG-0012047,4,10.61
REG-0012047,5,1.97
REG-0012047,6,13.57
REG-0012047,7,1.32
REG-0012047,8,1.02
REG-0012047,9,0.32
REG-0012047,10,1.68
REG-0012047,11,0.99
REG-0012047,12,81.21
REG-0012047,13,0.58
REG-0012048,1,43.51
REG-0012048,2,8.15
REG-0012048,3,6.85
REG-0012048,14,8.64
REG-0012048,4,10.04
REG-0012048,5,1.35
REG-0012048,6,13.32
REG-0012048,7,2.07
REG-0012048,8,1.24
REG-0012048,9,0.23
REG-0012048,10,1.32
REG-0012048,11,0.69
REG-0012048,12,143.87
REG-0012048,13,0.48
REG-0012049,1,38.16
REG-0012049,2,11.2
REG-0012049,3,6.78
REG-0012049,14,8.64
REG-0012049,4,9.94
REG-0012049,5,1.95
REG-0012049,6,13.81
REG-0012049,7,1.32
REG-0012049,8,1
REG-0012049,9,0.27
REG-0012049,10,1.62
REG-0012049,11,0.81
REG-0012049,12,84.9
REG-0012049,13,0.59
REG-0012050,1,42.48
REG-0012050,2,10.1
REG-0012050,3,6.99
REG-0012050,14,8.7
REG-0012050,4,10.06
REG-0012050,5,1.46
REG-0012050,6,12.46
REG-0012050,7,2.01
REG-0012050,8,1.19
REG-0012050,9,0.22
REG-0012050,10,1.32
REG-0012050,11,0.66
REG-0012050,12,142.97
REG-0012050,13,0.53
REG-0012051,1,38.09
REG-0012051,2,10.92
REG-0012051,3,5.9
REG-0012051,14,7.77
REG-0012051,4,10.85
REG-0012051,5,2.02
REG-0012051,6,13.51
REG-0012051,7,1.36
REG-0012051,8,1.05
REG-0012051,9,0.35
REG-0012051,10,1.65
REG-0012051,11,1.06
REG-0012051,12,78.13
REG-0012051,13,0.58
REG-0012052,1,43.5
REG-0012052,2,8.6
REG-0012052,3,7.22
REG-0012052,14,8.72
REG-0012052,4,9.9
REG-0012052,5,1.36
REG-0012052,6,13.28
REG-0012052,7,1.98
REG-0012052,8,1.23
REG-0012052,9,0.2
REG-0012052,10,1.37
REG-0012052,11,0.63
REG-0012052,12,140.8
REG-0012052,13,0.57
REG-0012053,1,37.99
REG-0012053,2,10.95
REG-0012053,3,6.44
REG-0012053,14,8.34
REG-0012053,4,10.3
REG-0012053,5,2.02
REG-0012053,6,13.97
REG-0012053,7,1.33
REG-0012053,8,1.04
REG-0012053,9,0.29
REG-0012053,10,1.67
REG-0012053,11,0.92
REG-0012053,12,81.34
REG-0012053,13,0.63
REG-0012054,1,42.61
REG-0012054,2,10.11
REG-0012054,3,7.08
REG-0012054,14,8.67
REG-0012054,4,9.89
REG-0012054,5,1.52
REG-0012054,6,12.7
REG-0012054,7,1.91
REG-0012054,8,1.19
REG-0012054,9,0.21
REG-0012054,10,1.36
REG-0012054,11,0.62
REG-0012054,12,144.89
REG-0012054,13,0.59
REG-0012055,1,38.39
REG-0012055,2,10.91
REG-0012055,3,6.16
REG-0012055,14,8
REG-0012055,4,10.63
REG-0012055,5,2.14
REG-0012055,6,13.13
REG-0012055,7,1.42
REG-0012055,8,1.05
REG-0012055,9,0.32
REG-0012055,10,1.68
REG-0012055,11,0.9
REG-0012055,12,84.95
REG-0012055,13,0.63
REG-0012056,1,42.42
REG-0012056,2,10.16
REG-0012056,3,7.14
REG-0012056,14,8.65
REG-0012056,4,10.07
REG-0012056,5,1.53
REG-0012056,6,12.91
REG-0012056,7,1.98
REG-0012056,8,1.21
REG-0012056,9,0.23
REG-0012056,10,1.4
REG-0012056,11,0.62
REG-0012056,12,143.06
REG-0012056,13,0.6
REG-0012057,1,38.32
REG-0012057,2,11.15
REG-0012057,3,6.28
REG-0012057,14,8.24
REG-0012057,4,9.86
REG-0012057,5,2.07
REG-0012057,6,13.64
REG-0012057,7,1.4
REG-0012057,8,1.05
REG-0012057,9,0.29
REG-0012057,10,1.62
REG-0012057,11,0.77
REG-0012057,12,84.65
REG-0012057,13,0.63
REG-0012058,1,42.77
REG-0012058,2,10.54
REG-0012058,3,7.04
REG-0012058,14,8.44
REG-0012058,4,10.07
REG-0012058,5,1.58
REG-0012058,6,12.45
REG-0012058,7,1.98
REG-0012058,8,1.22
REG-0012058,9,0.2
REG-0012058,10,1.38
REG-0012058,11,0.61
REG-0012058,12,142.42
REG-0012058,13,0.62
REG-0012059,1,38.85
REG-0012059,2,10.92
REG-0012059,3,6.1
REG-0012059,14,8
REG-0012059,4,10.11
REG-0012059,5,2.08
REG-0012059,6,13.29
REG-0012059,7,1.28
REG-0012059,8,1.05
REG-0012059,9,0.32
REG-0012059,10,1.65
REG-0012059,11,0.81
REG-0012059,12,84.46
REG-0012059,13,0.63
REG-0012060,1,42.67
REG-0012060,2,10.31
REG-0012060,3,6.75
REG-0012060,14,8.19
REG-0012060,4,10.04
REG-0012060,5,1.66
REG-0012060,6,12.59
REG-0012060,7,1.97
REG-0012060,8,1.22
REG-0012060,9,0.23
REG-0012060,10,1.4
REG-0012060,11,0.58
REG-0012060,12,140.37
REG-0012060,13,0.61
REG-0012061,1,38.2
REG-0012061,2,11.39
REG-0012061,3,5.77
REG-0012061,14,7.77
REG-0012061,4,10.28
REG-0012061,5,2.09
REG-0012061,6,13.67
REG-0012061,7,1.34
REG-0012061,8,1.06
REG-0012061,9,0.32
REG-0012061,10,1.65
REG-0012061,11,0.87
REG-0012061,12,80.12
REG-0012061,13,0.63
REG-0012062,1,42.74
REG-0012062,2,10.3
REG-0012062,3,6.74
REG-0012062,14,8.35
REG-0012062,4,9.96
REG-0012062,5,1.48
REG-0012062,6,12.67
REG-0012062,7,1.94
REG-0012062,8,1.22
REG-0012062,9,0.22
REG-0012062,10,1.36
REG-0012062,11,0.6
REG-0012062,12,139.16
REG-0012062,13,0.6
REG-0012063,1,38.25
REG-0012063,2,11.29
REG-0012063,3,5.77
REG-0012063,14,7.81
REG-0012063,4,10.47
REG-0012063,5,2.07
REG-0012063,6,13.25
REG-0012063,7,1.33
REG-0012063,8,1.03
REG-0012063,9,0.31
REG-0012063,10,1.61
REG-0012063,11,0.94
REG-0012063,12,85.57
REG-0012063,13,0.63
REG-0012064,1,43.03
REG-0012064,2,9.83
REG-0012064,3,6.9
REG-0012064,14,8.49
REG-0012064,4,10.06
REG-0012064,5,1.51
REG-0012064,6,12.67
REG-0012064,7,1.98
REG-0012064,8,1.23
REG-0012064,9,0.22
REG-0012064,10,1.39
REG-0012064,11,0.6
REG-0012064,12,136.74
REG-0012064,13,0.58
REG-0012065,1,38.26
REG-0012065,2,10.95
REG-0012065,3,6.19
REG-0012065,14,8.25
REG-0012065,4,10.21
REG-0012065,5,2.03
REG-0012065,6,13.46
REG-0012065,7,1.35
REG-0012065,8,1.01
REG-0012065,9,0.3
REG-0012065,10,1.64
REG-0012065,11,0.87
REG-0012065,12,82.15
REG-0012065,13,0.63
REG-0012066,1,42.82
REG-0012066,2,9.64
REG-0012066,3,7.03
REG-0012066,14,8.65
REG-0012066,4,10.15
REG-0012066,5,1.47
REG-0012066,6,12.84
REG-0012066,7,1.98
REG-0012066,8,1.21
REG-0012066,9,0.23
REG-0012066,10,1.38
REG-0012066,11,0.62
REG-0012066,12,140.55
REG-0012066,13,0.56
REG-0012067,1,43.27
REG-0012067,2,9.81
REG-0012067,3,7.1
REG-0012067,14,8.55
REG-0012067,4,9.81
REG-0012067,5,1.55
REG-0012067,6,12.73
REG-0012067,7,1.95
REG-0012067,8,1.18
REG-0012067,9,0.2
REG-0012067,10,1.4
REG-0012067,11,0.53
REG-0012067,12,136.56
REG-0012067,13,0.56
REG-0012068,1,42.94
REG-0012068,2,9.94
REG-0012068,3,6.95
REG-0012068,14,8.52
REG-0012068,4,10
REG-0012068,5,1.52
REG-0012068,6,12.45
REG-0012068,7,2.02
REG-0012068,8,1.19
REG-0012068,9,0.21
REG-0012068,10,1.33
REG-0012068,11,0.59
REG-0012068,12,138.06
REG-0012068,13,0.59
REG-0012069,1,40.51
REG-0012069,2,10.28
REG-0012069,3,5.02
REG-0012069,14,6.94
REG-0012069,4,10.59
REG-0012069,5,2.21
REG-0012069,6,12.02
REG-0012069,7,1.56
REG-0012069,8,1.09
REG-0012069,9,0.31
REG-0012069,10,1.59
REG-0012069,11,0.85
REG-0012069,12,98.81
REG-0012069,13,0.59
REG-0012070,1,42.84
REG-0012070,2,10.08
REG-0012070,3,7.1
REG-0012070,14,8.6
REG-0012070,4,9.98
REG-0012070,5,1.49
REG-0012070,6,12.64
REG-0012070,7,2.01
REG-0012070,8,1.18
REG-0012070,9,0.2
REG-0012070,10,1.35
REG-0012070,11,0.6
REG-0012070,12,139.22
REG-0012070,13,0.58
REG-0012071,1,40.13
REG-0012071,2,10.77
REG-0012071,3,5.61
REG-0012071,14,7.45
REG-0012071,4,10.26
REG-0012071,5,2.32
REG-0012071,6,12.15
REG-0012071,7,1.51
REG-0012071,8,1.11
REG-0012071,9,0.38
REG-0012071,10,1.6
REG-0012071,11,0.74
REG-0012071,12,96.91
REG-0012071,13,0.6
REG-0012072,1,42.44
REG-0012072,2,10.22
REG-0012072,3,7.28
REG-0012072,14,8.79
REG-0012072,4,10.25
REG-0012072,5,1.41
REG-0012072,6,12.72
REG-0012072,7,2.07
REG-0012072,8,1.19
REG-0012072,9,0.2
REG-0012072,10,1.38
REG-0012072,11,0.64
REG-0012072,12,137.78
REG-0012072,13,0.59
REG-0012073,1,40.45
REG-0012073,2,9.3
REG-0012073,3,5.5
REG-0012073,14,7.53
REG-0012073,4,10.55
REG-0012073,5,2.17
REG-0012073,6,12.47
REG-0012073,7,1.53
REG-0012073,8,1.09
REG-0012073,9,0.32
REG-0012073,10,1.63
REG-0012073,11,0.85
REG-0012073,12,91.08
REG-0012073,13,0.58
REG-0012074,1,42.81
REG-0012074,2,9.99
REG-0012074,3,7.11
REG-0012074,14,8.63
REG-0012074,4,10.04
REG-0012074,5,1.51
REG-0012074,6,12.49
REG-0012074,7,2.05
REG-0012074,8,1.18
REG-0012074,9,0.21
REG-0012074,10,1.36
REG-0012074,11,0.6
REG-0012074,12,139.36
REG-0012074,13,0.58
REG-0012075,1,39.86
REG-0012075,2,11.56
REG-0012075,3,5.31
REG-0012075,14,7.27
REG-0012075,4,10.68
REG-0012075,5,2.34
REG-0012075,6,11.04
REG-0012075,7,1.55
REG-0012075,8,1.1
REG-0012075,9,0.32
REG-0012075,10,1.54
REG-0012075,11,0.82
REG-0012075,12,98.2
REG-0012075,13,0.63
REG-0012076,1,42.95
REG-0012076,2,9.83
REG-0012076,3,7.77
REG-0012076,14,9.37
REG-0012076,4,10.79
REG-0012076,5,1.26
REG-0012076,6,12.74
REG-0012076,7,2.1
REG-0012076,8,1.24
REG-0012076,9,0.22
REG-0012076,10,1.36
REG-0012076,11,0.74
REG-0012076,12,151.65
REG-0012076,13,0.56
REG-0012077,1,40.42
REG-0012077,2,10.74
REG-0012077,3,5.83
REG-0012077,14,7.59
REG-0012077,4,10.63
REG-0012077,5,2.34
REG-0012077,6,10.87
REG-0012077,7,1.64
REG-0012077,8,1.09
REG-0012077,9,0.35
REG-0012077,10,1.6
REG-0012077,11,0.77
REG-0012077,12,97.25
REG-0012077,13,0.63
REG-0012078,1,43.88
REG-0012078,2,9.53
REG-0012078,3,7.33
REG-0012078,14,9.02
REG-0012078,4,10.08
REG-0012078,5,1.63
REG-0012078,6,11.52
REG-0012078,7,1.96
REG-0012078,8,1.2
REG-0012078,9,0.18
REG-0012078,10,1.34
REG-0012078,11,0.57
REG-0012078,12,139.14
REG-0012078,13,0.56
REG-0012079,1,40.83
REG-0012079,2,10.38
REG-0012079,3,5.7
REG-0012079,14,7.5
REG-0012079,4,10.55
REG-0012079,5,2.23
REG-0012079,6,10.91
REG-0012079,7,1.6
REG-0012079,8,1.08
REG-0012079,9,0.39
REG-0012079,10,1.63
REG-0012079,11,0.76
REG-0012079,12,97
REG-0012079,13,0.6
REG-0012080,1,43.44
REG-0012080,2,9.59
REG-0012080,3,7.23
REG-0012080,14,8.82
REG-0012080,4,10.11
REG-0012080,5,1.6
REG-0012080,6,11.7
REG-0012080,7,2.02
REG-0012080,8,1.2
REG-0012080,9,0.19
REG-0012080,10,1.33
REG-0012080,11,0.59
REG-0012080,12,141.06
REG-0012080,13,0.56
REG-0012081,1,41.37
REG-0012081,2,10.35
REG-0012081,3,6.24
REG-0012081,14,7.97
REG-0012081,4,9.86
REG-0012081,5,2.08
REG-0012081,6,12.31
REG-0012081,7,1.91
REG-0012081,8,1.18
REG-0012081,9,0.2
REG-0012081,10,1.38
REG-0012081,11,0.51
REG-0012081,12,108.46
REG-0012081,13,0.6
REG-0012082,1,40.15
REG-0012082,2,10.94
REG-0012082,3,5.59
REG-0012082,14,7.4
REG-0012082,4,10.58
REG-0012082,5,2.27
REG-0012082,6,11.06
REG-0012082,7,1.63
REG-0012082,8,1.1
REG-0012082,9,0.37
REG-0012082,10,1.56
REG-0012082,11,0.82
REG-0012082,12,101.75
REG-0012082,13,0.63
REG-0012083,1,43.2
REG-0012083,2,9.52
REG-0012083,3,7.35
REG-0012083,14,8.8
REG-0012083,4,10.23
REG-0012083,5,1.42
REG-0012083,6,12.59
REG-0012083,7,2.03
REG-0012083,8,1.22
REG-0012083,9,0.24
REG-0012083,10,1.37
REG-0012083,11,0.64
REG-0012083,12,137.23
REG-0012083,13,0.59
REG-0012084,1,40.7
REG-0012084,2,10.56
REG-0012084,3,5.74
REG-0012084,14,7.45
REG-0012084,4,10.61
REG-0012084,5,2.38
REG-0012084,6,10.55
REG-0012084,7,1.59
REG-0012084,8,1.08
REG-0012084,9,0.37
REG-0012084,10,1.66
REG-0012084,11,0.77
REG-0012084,12,96.05
REG-0012084,13,0.58
REG-0012085,1,44.12
REG-0012085,2,8.43
REG-0012085,3,7.37
REG-0012085,14,8.99
REG-0012085,4,10.43
REG-0012085,5,1.54
REG-0012085,6,11.43
REG-0012085,7,1.99
REG-0012085,8,1.22
REG-0012085,9,0.22
REG-0012085,10,1.41
REG-0012085,11,0.67
REG-0012085,12,143.73
REG-0012085,13,0.49
REG-0012086,1,40.51
REG-0012086,2,10.74
REG-0012086,3,5.28
REG-0012086,14,7.12
REG-0012086,4,10.68
REG-0012086,5,2.37
REG-0012086,6,10.85
REG-0012086,7,1.62
REG-0012086,8,1.09
REG-0012086,9,0.39
REG-0012086,10,1.64
REG-0012086,11,0.81
REG-0012086,12,97.03
REG-0012086,13,0.59
REG-0012087,1,40.41
REG-0012087,2,10.73
REG-0012087,3,4.92
REG-0012087,14,6.89
REG-0012087,4,10.85
REG-0012087,5,2.25
REG-0012087,6,11.11
REG-0012087,7,1.51
REG-0012087,8,1.07
REG-0012087,9,0.4
REG-0012087,10,1.69
REG-0012087,11,0.86
REG-0012087,12,94.07
REG-0012087,13,0.58
REG-0012088,1,42.96
REG-0012088,2,9.2
REG-0012088,3,7.18
REG-0012088,14,8.94
REG-0012088,4,10.54
REG-0012088,5,1.57
REG-0012088,6,11.78
REG-0012088,7,1.86
REG-0012088,8,1.19
REG-0012088,9,0.22
REG-0012088,10,1.4
REG-0012088,11,0.73
REG-0012088,12,140.16
REG-0012088,13,0.54
REG-0012089,1,40.65
REG-0012089,2,6.79
REG-0012089,3,7.17
REG-0012089,14,8.93
REG-0012089,4,11.51
REG-0012089,5,1.76
REG-0012089,6,13.47
REG-0012089,7,1.6
REG-0012089,8,1.16
REG-0012089,9,0.42
REG-0012089,10,1.73
REG-0012089,11,1.09
REG-0012089,12,110.26
REG-0012089,13,0.41
REG-0012090,1,40.44
REG-0012090,2,10.63
REG-0012090,3,5.37
REG-0012090,14,7.11
REG-0012090,4,10.57
REG-0012090,5,2.34
REG-0012090,6,11.15
REG-0012090,7,1.57
REG-0012090,8,1.08
REG-0012090,9,0.38
REG-0012090,10,1.64
REG-0012090,11,0.79
REG-0012090,12,94.98
REG-0012090,13,0.58
REG-0012091,1,40.42
REG-0012091,2,7.38
REG-0012091,3,6.94
REG-0012091,14,8.82
REG-0012091,4,11.53
REG-0012091,5,1.64
REG-0012091,6,13.29
REG-0012091,7,1.55
REG-0012091,8,1.16
REG-0012091,9,0.39
REG-0012091,10,1.73
REG-0012091,11,1.1
REG-0012091,12,109.22
REG-0012091,13,0.45
REG-0012092,1,39.38
REG-0012092,2,7.82
REG-0012092,3,7.25
REG-0012092,14,9.16
REG-0012092,4,11.28
REG-0012092,5,1.81
REG-0012092,6,13.71
REG-0012092,7,1.49
REG-0012092,8,1.09
REG-0012092,9,0.33
REG-0012092,10,1.74
REG-0012092,11,1.08
REG-0012092,12,90.89
REG-0012092,13,0.38
REG-0012093,1,40.16
REG-0012093,2,10.1
REG-0012093,3,6.19
REG-0012093,14,7.91
REG-0012093,4,10.57
REG-0012093,5,2.13
REG-0012093,6,11.79
REG-0012093,7,1.53
REG-0012093,8,1.05
REG-0012093,9,0.39
REG-0012093,10,1.63
REG-0012093,11,0.83
REG-0012093,12,96.84
REG-0012093,13,0.55
REG-0012094,1,40.29
REG-0012094,2,9.94
REG-0012094,3,6.17
REG-0012094,14,8.03
REG-0012094,4,10.67
REG-0012094,5,2.03
REG-0012094,6,11.76
REG-0012094,7,1.53
REG-0012094,8,1.06
REG-0012094,9,0.37
REG-0012094,10,1.6
REG-0012094,11,0.85
REG-0012094,12,100.55
REG-0012094,13,0.55
REG-0012095,1,38.72
REG-0012095,2,8.41
REG-0012095,3,7.26
REG-0012095,14,9.26
REG-0012095,4,11.42
REG-0012095,5,1.76
REG-0012095,6,13.58
REG-0012095,7,1.37
REG-0012095,8,1.06
REG-0012095,9,0.31
REG-0012095,10,1.7
REG-0012095,11,1.13
REG-0012095,12,91.13
REG-0012095,13,0.46
REG-0012096,1,40.28
REG-0012096,2,9.97
REG-0012096,3,6.27
REG-0012096,14,7.8
REG-0012096,4,10.46
REG-0012096,5,2.13
REG-0012096,6,12.22
REG-0012096,7,1.53
REG-0012096,8,1.07
REG-0012096,9,0.39
REG-0012096,10,1.64
REG-0012096,11,0.82
REG-0012096,12,99.92
REG-0012096,13,0.58
REG-0012097,1,38.55
REG-0012097,2,8.73
REG-0012097,3,7.01
REG-0012097,14,9.04
REG-0012097,4,11.52
REG-0012097,5,1.85
REG-0012097,6,13.35
REG-0012097,7,1.57
REG-0012097,8,1.06
REG-0012097,9,0.3
REG-0012097,10,1.7
REG-0012097,11,1.13
REG-0012097,12,89.63
REG-0012097,13,0.38
REG-0012098,1,40.83
REG-0012098,2,9.27
REG-0012098,3,6.63
REG-0012098,14,8.51
REG-0012098,4,10.38
REG-0012098,5,2.04
REG-0012098,6,11.54
REG-0012098,7,1.52
REG-0012098,8,1.08
REG-0012098,9,0.37
REG-0012098,10,1.6
REG-0012098,11,0.81
REG-0012098,12,97.41
REG-0012098,13,0.54
REG-0012099,1,39.15
REG-0012099,2,8.54
REG-0012099,3,7.2
REG-0012099,14,9.07
REG-0012099,4,11.74
REG-0012099,5,2.01
REG-0012099,6,12.51
REG-0012099,7,1.46
REG-0012099,8,1.1
REG-0012099,9,0.35
REG-0012099,10,1.74
REG-0012099,11,1.15
REG-0012099,12,91.13
REG-0012099,13,0.38
REG-0012100,1,38.79
REG-0012100,2,10.11
REG-0012100,3,6.46
REG-0012100,14,8.47
REG-0012100,4,11.48
REG-0012100,5,2.02
REG-0012100,6,11.96
REG-0012100,7,1.43
REG-0012100,8,1.09
REG-0012100,9,0.33
REG-0012100,10,1.68
REG-0012100,11,1.14
REG-0012100,12,87.07
REG-0012100,13,0.58
REG-0012101,1,40.8
REG-0012101,2,9.61
REG-0012101,3,6.8
REG-0012101,14,8.49
REG-0012101,4,10.43
REG-0012101,5,2.09
REG-0012101,6,11.21
REG-0012101,7,1.44
REG-0012101,8,1.09
REG-0012101,9,0.32
REG-0012101,10,1.64
REG-0012101,11,0.8
REG-0012101,12,94.17
REG-0012101,13,0.57
REG-0012102,1,38.13
REG-0012102,2,10.72
REG-0012102,3,6.55
REG-0012102,14,8.56
REG-0012102,4,11.59
REG-0012102,5,1.99
REG-0012102,6,12.86
REG-0012102,7,1.47
REG-0012102,8,1.05
REG-0012102,9,0.32
REG-0012102,10,1.67
REG-0012102,11,1.17
REG-0012102,12,85.45
REG-0012102,13,0.6
REG-0012103,1,40.9
REG-0012103,2,10.02
REG-0012103,3,6.58
REG-0012103,14,8.34
REG-0012103,4,10.1
REG-0012103,5,2.12
REG-0012103,6,11.05
REG-0012103,7,1.49
REG-0012103,8,1.06
REG-0012103,9,0.31
REG-0012103,10,1.62
REG-0012103,11,0.73
REG-0012103,12,90.12
REG-0012103,13,0.56
REG-0012104,1,38.29
REG-0012104,2,10.2
REG-0012104,3,6.63
REG-0012104,14,8.62
REG-0012104,4,11.12
REG-0012104,5,2
REG-0012104,6,12.93
REG-0012104,7,1.43
REG-0012104,8,1.05
REG-0012104,9,0.31
REG-0012104,10,1.73
REG-0012104,11,1.06
REG-0012104,12,78.45
REG-0012104,13,0.58
REG-0012105,1,40.67
REG-0012105,2,9.96
REG-0012105,3,6.18
REG-0012105,14,7.98
REG-0012105,4,10.53
REG-0012105,5,2.13
REG-0012105,6,11.24
REG-0012105,7,1.47
REG-0012105,8,1.08
REG-0012105,9,0.39
REG-0012105,10,1.68
REG-0012105,11,0.82
REG-0012105,12,93.4
REG-0012105,13,0.53
REG-0012106,1,37.27
REG-0012106,2,12.09
REG-0012106,3,6.68
REG-0012106,14,8.64
REG-0012106,4,11.43
REG-0012106,5,2.11
REG-0012106,6,12.23
REG-0012106,7,1.37
REG-0012106,8,1
REG-0012106,9,0.36
REG-0012106,10,1.71
REG-0012106,11,1.14
REG-0012106,12,77.25
REG-0012106,13,0.63
REG-0012107,1,40.58
REG-0012107,2,9.84
REG-0012107,3,6.42
REG-0012107,14,8.18
REG-0012107,4,10.38
REG-0012107,5,2.11
REG-0012107,6,11.32
REG-0012107,7,1.48
REG-0012107,8,1.1
REG-0012107,9,0.36
REG-0012107,10,1.62
REG-0012107,11,0.8
REG-0012107,12,90.15
REG-0012107,13,0.53
REG-0012108,1,37.98
REG-0012108,2,10.62
REG-0012108,3,6.43
REG-0012108,14,8.45
REG-0012108,4,11.33
REG-0012108,5,1.94
REG-0012108,6,12.73
REG-0012108,7,1.35
REG-0012108,8,1.08
REG-0012108,9,0.39
REG-0012108,10,1.71
REG-0012108,11,1.15
REG-0012108,12,80.95
REG-0012108,13,0.58
REG-0012109,1,40.63
REG-0012109,2,9.95
REG-0012109,3,5.95
REG-0012109,14,7.74
REG-0012109,4,10.56
REG-0012109,5,2.14
REG-0012109,6,11.1
REG-0012109,7,1.39
REG-0012109,8,1.05
REG-0012109,9,0.39
REG-0012109,10,1.69
REG-0012109,11,0.87
REG-0012109,12,91.94
REG-0012109,13,0.55
REG-0012110,1,37.58
REG-0012110,2,11.37
REG-0012110,3,6.45
REG-0012110,14,8.4
REG-0012110,4,11.52
REG-0012110,5,2.04
REG-0012110,6,12.22
REG-0012110,7,1.42
REG-0012110,8,1.05
REG-0012110,9,0.39
REG-0012110,10,1.7
REG-0012110,11,1.16
REG-0012110,12,81.75
REG-0012110,13,0.62
REG-0012111,1,40.45
REG-0012111,2,10
REG-0012111,3,5.86
REG-0012111,14,7.57
REG-0012111,4,10.77
REG-0012111,5,2.17
REG-0012111,6,11.22
REG-0012111,7,1.5
REG-0012111,8,1.09
REG-0012111,9,0.44
REG-0012111,10,1.71
REG-0012111,11,0.86
REG-0012111,12,96.38
REG-0012111,13,0.56
REG-0012112,1,40.17
REG-0012112,2,7.32
REG-0012112,3,6.79
REG-0012112,14,8.61
REG-0012112,4,11.56
REG-0012112,5,2.05
REG-0012112,6,12.79
REG-0012112,7,1.33
REG-0012112,8,1.14
REG-0012112,9,0.35
REG-0012112,10,1.8
REG-0012112,11,1.12
REG-0012112,12,82.34
REG-0012112,13,0.42
REG-0012113,1,40.46
REG-0012113,2,10.12
REG-0012113,3,5.47
REG-0012113,14,7.27
REG-0012113,4,10.81
REG-0012113,5,2.2
REG-0012113,6,11.19
REG-0012113,7,1.45
REG-0012113,8,1.1
REG-0012113,9,0.42
REG-0012113,10,1.7
REG-0012113,11,0.87
REG-0012113,12,94.31
REG-0012113,13,0.56
REG-0012114,1,40.77
REG-0012114,2,9.98
REG-0012114,3,5.5
REG-0012114,14,7.37
REG-0012114,4,10.24
REG-0012114,5,2.18
REG-0012114,6,11.67
REG-0012114,7,1.46
REG-0012114,8,1.1
REG-0012114,9,0.42
REG-0012114,10,1.66
REG-0012114,11,0.78
REG-0012114,12,93.82
REG-0012114,13,0.55
REG-0012115,1,39.94
REG-0012115,2,7.02
REG-0012115,3,7
REG-0012115,14,8.92
REG-0012115,4,11.65
REG-0012115,5,2.02
REG-0012115,6,12.9
REG-0012115,7,1.37
REG-0012115,8,1.15
REG-0012115,9,0.36
REG-0012115,10,1.85
REG-0012115,11,1.12
REG-0012115,12,80.6
REG-0012115,13,0.44
REG-0012116,1,40.53
REG-0012116,2,10.13
REG-0012116,3,5.87
REG-0012116,14,7.66
REG-0012116,4,10.59
REG-0012116,5,2.15
REG-0012116,6,11.13
REG-0012116,7,1.37
REG-0012116,8,1.06
REG-0012116,9,0.41
REG-0012116,10,1.67
REG-0012116,11,0.86
REG-0012116,12,89.25
REG-0012116,13,0.56
REG-0012117,1,39.36
REG-0012117,2,8.41
REG-0012117,3,6.64
REG-0012117,14,8.55
REG-0012117,4,11.64
REG-0012117,5,2.03
REG-0012117,6,12.52
REG-0012117,7,1.36
REG-0012117,8,1.14
REG-0012117,9,0.38
REG-0012117,10,1.82
REG-0012117,11,1.15
REG-0012117,12,77.33
REG-0012117,13,0.48
REG-0012118,1,40.36
REG-0012118,2,10.31
REG-0012118,3,5.94
REG-0012118,14,7.84
REG-0012118,4,10.13
REG-0012118,5,2.09
REG-0012118,6,12.32
REG-0012118,7,1.37
REG-0012118,8,1.07
REG-0012118,9,0.42
REG-0012118,10,1.64
REG-0012118,11,0.77
REG-0012118,12,95.23
REG-0012118,13,0.56
REG-0012119,1,39.03
REG-0012119,2,8.12
REG-0012119,3,6.92
REG-0012119,14,8.94
REG-0012119,4,11.41
REG-0012119,5,2.03
REG-0012119,6,13
REG-0012119,7,1.37
REG-0012119,8,1.09
REG-0012119,9,0.32
REG-0012119,10,1.75
REG-0012119,11,1.12
REG-0012119,12,75.25
REG-0012119,13,0.48
REG-0012120,1,39.88
REG-0012120,2,10.24
REG-0012120,3,5.95
REG-0012120,14,7.92
REG-0012120,4,10.81
REG-0012120,5,2.05
REG-0012120,6,12.17
REG-0012120,7,1.49
REG-0012120,8,1.1
REG-0012120,9,0.43
REG-0012120,10,1.58
REG-0012120,11,0.88
REG-0012120,12,101.46
REG-0012120,13,0.56
REG-0012121,1,40.26
REG-0012121,2,10.22
REG-0012121,3,5.76
REG-0012121,14,7.71
REG-0012121,4,10.46
REG-0012121,5,2.01
REG-0012121,6,12.35
REG-0012121,7,1.43
REG-0012121,8,1.09
REG-0012121,9,0.42
REG-0012121,10,1.62
REG-0012121,11,0.82
REG-0012121,12,95.49
REG-0012121,13,0.56
REG-0012122,1,37.8
REG-0012122,2,9.44
REG-0012122,3,7.64
REG-0012122,14,9.58
REG-0012122,4,11.38
REG-0012122,5,1.86
REG-0012122,6,13.31
REG-0012122,7,1.33
REG-0012122,8,1.06
REG-0012122,9,0.33
REG-0012122,10,1.66
REG-0012122,11,1.16
REG-0012122,12,87.5
REG-0012122,13,0.52
REG-0012123,1,37.42
REG-0012123,2,10.61
REG-0012123,3,7.26
REG-0012123,14,9.15
REG-0012123,4,11.27
REG-0012123,5,1.95
REG-0012123,6,13.05
REG-0012123,7,1.42
REG-0012123,8,1.04
REG-0012123,9,0.36
REG-0012123,10,1.65
REG-0012123,11,1.15
REG-0012123,12,83.86
REG-0012123,13,0.54
REG-0012124,1,38.99
REG-0012124,2,8.22
REG-0012124,3,7.16
REG-0012124,14,9.07
REG-0012124,4,11.44
REG-0012124,5,1.95
REG-0012124,6,13.28
REG-0012124,7,1.3
REG-0012124,8,1.12
REG-0012124,9,0.34
REG-0012124,10,1.79
REG-0012124,11,1.13
REG-0012124,12,78.83
REG-0012124,13,0.48
REG-0012125,1,37.08
REG-0012125,2,11.13
REG-0012125,3,7.17
REG-0012125,14,9.09
REG-0012125,4,11.59
REG-0012125,5,2.01
REG-0012125,6,12.72
REG-0012125,7,1.35
REG-0012125,8,1
REG-0012125,9,0.33
REG-0012125,10,1.67
REG-0012125,11,1.23
REG-0012125,12,81.62
REG-0012125,13,0.57
REG-0012126,1,38.88
REG-0012126,2,9.77
REG-0012126,3,7.23
REG-0012126,14,9.19
REG-0012126,4,10.58
REG-0012126,5,2.03
REG-0012126,6,12.96
REG-0012126,7,1.45
REG-0012126,8,1.08
REG-0012126,9,0.32
REG-0012126,10,1.71
REG-0012126,11,0.94
REG-0012126,12,76.83
REG-0012126,13,0.55
REG-0012127,1,38.86
REG-0012127,2,9.31
REG-0012127,3,6.92
REG-0012127,14,9.01
REG-0012127,4,10.88
REG-0012127,5,1.87
REG-0012127,6,12.85
REG-0012127,7,1.33
REG-0012127,8,1.1
REG-0012127,9,0.33
REG-0012127,10,1.69
REG-0012127,11,1.04
REG-0012127,12,75.26
REG-0012127,13,0.52
REG-0012128,1,38.35
REG-0012128,2,9.94
REG-0012128,3,7.12
REG-0012128,14,9.14
REG-0012128,4,10.9
REG-0012128,5,2.02
REG-0012128,6,13.01
REG-0012128,7,1.37
REG-0012128,8,1.03
REG-0012128,9,0.3
REG-0012128,10,1.67
REG-0012128,11,1.06
REG-0012128,12,72.01
REG-0012128,13,0.54
REG-0012129,1,39.28
REG-0012129,2,8.73
REG-0012129,3,7.41
REG-0012129,14,9.34
REG-0012129,4,10.45
REG-0012129,5,1.98
REG-0012129,6,12.86
REG-0012129,7,1.32
REG-0012129,8,1.05
REG-0012129,9,0.3
REG-0012129,10,1.69
REG-0012129,11,0.95
REG-0012129,12,83.45
REG-0012129,13,0.47
REG-0012130,1,40.35
REG-0012130,2,7.3
REG-0012130,3,8.1
REG-0012130,14,9.76
REG-0012130,4,9.71
REG-0012130,5,2.05
REG-0012130,6,13.56
REG-0012130,7,1.36
REG-0012130,8,1.11
REG-0012130,9,0.38
REG-0012130,10,1.73
REG-0012130,11,0.69
REG-0012130,12,75.99
REG-0012130,13,0.47
REG-0012131,1,38.17
REG-0012131,2,9.88
REG-0012131,3,7.46
REG-0012131,14,9.35
REG-0012131,4,10.39
REG-0012131,5,1.98
REG-0012131,6,13.38
REG-0012131,7,1.4
REG-0012131,8,1.02
REG-0012131,9,0.3
REG-0012131,10,1.65
REG-0012131,11,0.92
REG-0012131,12,76.02
REG-0012131,13,0.55
REG-0012132,1,38.23
REG-0012132,2,9.46
REG-0012132,3,7.31
REG-0012132,14,9.25
REG-0012132,4,10.76
REG-0012132,5,1.95
REG-0012132,6,13.23
REG-0012132,7,1.26
REG-0012132,8,1.05
REG-0012132,9,0.34
REG-0012132,10,1.72
REG-0012132,11,1.02
REG-0012132,12,72.82
REG-0012132,13,0.56
REG-0012133,1,38.37
REG-0012133,2,9.34
REG-0012133,3,7.44
REG-0012133,14,9.34
REG-0012133,4,10.45
REG-0012133,5,2.01
REG-0012133,6,13.32
REG-0012133,7,1.35
REG-0012133,8,1.05
REG-0012133,9,0.35
REG-0012133,10,1.71
REG-0012133,11,0.94
REG-0012133,12,72.51
REG-0012133,13,0.55
REG-0012134,1,37.75
REG-0012134,2,9.55
REG-0012134,3,7.36
REG-0012134,14,9.34
REG-0012134,4,11.15
REG-0012134,5,1.99
REG-0012134,6,13.26
REG-0012134,7,1.43
REG-0012134,8,1.05
REG-0012134,9,0.34
REG-0012134,10,1.7
REG-0012134,11,1.11
REG-0012134,12,73.89
REG-0012134,13,0.56
REG-0012135,1,38.27
REG-0012135,2,9.75
REG-0012135,3,6.6
REG-0012135,14,8.61
REG-0012135,4,11.41
REG-0012135,5,2.05
REG-0012135,6,13.39
REG-0012135,7,1.46
REG-0012135,8,1.08
REG-0012135,9,0.34
REG-0012135,10,1.69
REG-0012135,11,1.13
REG-0012135,12,81.56
REG-0012135,13,0.57
REG-0012136,1,37.79
REG-0012136,2,9.52
REG-0012136,3,6.59
REG-0012136,14,8.64
REG-0012136,4,11.93
REG-0012136,5,2.02
REG-0012136,6,12.9
REG-0012136,7,1.46
REG-0012136,8,1.08
REG-0012136,9,0.33
REG-0012136,10,1.72
REG-0012136,11,1.27
REG-0012136,12,79.08
REG-0012136,13,0.56
REG-0012137,1,37.86
REG-0012137,2,9.76
REG-0012137,3,7.1
REG-0012137,14,9.02
REG-0012137,4,11.25
REG-0012137,5,1.92
REG-0012137,6,13.37
REG-0012137,7,1.37
REG-0012137,8,1.04
REG-0012137,9,0.32
REG-0012137,10,1.72
REG-0012137,11,1.14
REG-0012137,12,76.12
REG-0012137,13,0.56
REG-0012138,1,38.35
REG-0012138,2,9.55
REG-0012138,3,7.71
REG-0012138,14,9.57
REG-0012138,4,10.78
REG-0012138,5,1.92
REG-0012138,6,13.25
REG-0012138,7,1.45
REG-0012138,8,1.02
REG-0012138,9,0.29
REG-0012138,10,1.67
REG-0012138,11,0.95
REG-0012138,12,75.53
REG-0012138,13,0.56
REG-0012139,1,37.9
REG-0012139,2,9.58
REG-0012139,3,7.3
REG-0012139,14,9.29
REG-0012139,4,11.34
REG-0012139,5,1.95
REG-0012139,6,13.56
REG-0012139,7,1.43
REG-0012139,8,1.07
REG-0012139,9,0.32
REG-0012139,10,1.67
REG-0012139,11,1.09
REG-0012139,12,76.25
REG-0012139,13,0.51
REG-0012140,1,37.66
REG-0012140,2,10.39
REG-0012140,3,6.71
REG-0012140,14,8.73
REG-0012140,4,11.49
REG-0012140,5,2.01
REG-0012140,6,13.01
REG-0012140,7,1.43
REG-0012140,8,1.04
REG-0012140,9,0.32
REG-0012140,10,1.6
REG-0012140,11,1.18
REG-0012140,12,82.03
REG-0012140,13,0.57
REG-0012141,1,37.53
REG-0012141,2,10.01
REG-0012141,3,7.33
REG-0012141,14,9.18
REG-0012141,4,11.34
REG-0012141,5,1.96
REG-0012141,6,13.16
REG-0012141,7,1.43
REG-0012141,8,1.06
REG-0012141,9,0.35
REG-0012141,10,1.68
REG-0012141,11,1.16
REG-0012141,12,76.1
REG-0012141,13,0.56
REG-0012142,1,38.33
REG-0012142,2,8.88
REG-0012142,3,7.65
REG-0012142,14,9.4
REG-0012142,4,11.23
REG-0012142,5,1.89
REG-0012142,6,13.39
REG-0012142,7,1.23
REG-0012142,8,1.07
REG-0012142,9,0.34
REG-0012142,10,1.73
REG-0012142,11,1.14
REG-0012142,12,78.11
REG-0012142,13,0.49
REG-0012143,1,38.77
REG-0012143,2,7.47
REG-0012143,3,7.99
REG-0012143,14,9.7
REG-0012143,4,11.51
REG-0012143,5,1.93
REG-0012143,6,13.86
REG-0012143,7,1.43
REG-0012143,8,1.11
REG-0012143,9,0.37
REG-0012143,10,1.8
REG-0012143,11,1.08
REG-0012143,12,83.93
REG-0012143,13,0.45
REG-0012144,1,38.32
REG-0012144,2,8.68
REG-0012144,3,7.46
REG-0012144,14,9.38
REG-0012144,4,11.26
REG-0012144,5,1.89
REG-0012144,6,13.53
REG-0012144,7,1.29
REG-0012144,8,1.06
REG-0012144,9,0.35
REG-0012144,10,1.75
REG-0012144,11,1.11
REG-0012144,12,76.19
REG-0012144,13,0.47
REG-0012145,1,38.14
REG-0012145,2,8.79
REG-0012145,3,7.45
REG-0012145,14,9.29
REG-0012145,4,11.52
REG-0012145,5,1.84
REG-0012145,6,13.78
REG-0012145,7,1.37
REG-0012145,8,1.12
REG-0012145,9,0.33
REG-0012145,10,1.72
REG-0012145,11,1.16
REG-0012145,12,79.84
REG-0012145,13,0.46
