IdRegistro,IdRango,Valor
REG-0012001,138,135
REG-0012001,139,170
REG-0012001,140,BUENA
REG-0012001,141,0.04
REG-0012001,142,0.23
REG-0012001,143,5.63
REG-0012001,144,35.38
REG-0012001,145,23.73
REG-0012001,146,12.43
REG-0012001,147,7.71
REG-0012001,148,4.51
REG-0012001,149,2.9
REG-0012001,150,1.8
REG-0012001,151,1.27
REG-0012002,138,145
REG-0012002,139,190
REG-0012002,140,BUENA
REG-0012002,141,0.03
REG-0012002,142,0.41
REG-0012002,143,9.67
REG-0012002,144,50.9
REG-0012002,145,20.74
REG-0012002,146,5.99
REG-0012002,147,3.18
REG-0012002,148,1.97
REG-0012002,149,1.37
REG-0012002,150,1.14
REG-0012002,151,0.97
REG-0012003,138,130
REG-0012003,139,160
REG-0012003,140,BUENA
REG-0012003,141,0.01
REG-0012003,142,0.04
REG-0012003,143,1.06
REG-0012003,144,14.99
REG-0012003,145,27.85
REG-0012003,146,24.64
REG-0012003,147,13.37
REG-0012003,148,5.4
REG-0012003,149,2.52
REG-0012003,150,1.68
REG-0012003,151,1.48
REG-0012004,138,140
REG-0012004,139,180
REG-0012004,140,BUENA
REG-0012004,141,0.03
REG-0012004,142,1.16
REG-0012004,143,13.85
REG-0012004,144,29.72
REG-0012004,145,13.54
REG-0012004,146,7.51
REG-0012004,147,5.67
REG-0012004,148,4.46
REG-0012004,149,3.76
REG-0012004,150,3.21
REG-0012004,151,2.77
REG-0012005,138,132
REG-0012005,139,164
REG-0012005,140,BUENA
REG-0012005,141,0.03
REG-0012005,142,0.03
REG-0012005,143,1.3
REG-0012005,144,12.18
REG-0012005,145,26.07
REG-0012005,146,19.6
REG-0012005,147,8.71
REG-0012005,148,4.29
REG-0012005,149,2.95
REG-0012005,150,2.86
REG-0012005,151,3.21
REG-0012006,138,134
REG-0012006,139,168
REG-0012006,140,BUENA
REG-0012006,141,0.02
REG-0012006,142,0.06
REG-0012006,143,1.04
REG-0012006,144,9.3
REG-0012006,145,20.7
REG-0012006,146,20.48
REG-0012006,147,17.84
REG-0012006,148,13.22
REG-0012006,149,7.02
REG-0012006,150,3.41
REG-0012006,151,1.75
REG-0012007,138,128
REG-0012007,139,156
REG-0012007,140,BUENA
REG-0012007,141,0.03
REG-0012007,142,0.26
REG-0012007,143,4.32
REG-0012007,144,25.88
REG-0012007,145,32.33
REG-0012007,146,13.18
REG-0012007,147,6.2
REG-0012007,148,4.31
REG-0012007,149,3.58
REG-0012007,150,3.09
REG-0012007,151,2.41
REG-0012008,138,130
REG-0012008,139,160
REG-0012008,140,BUENA
REG-0012008,141,0.01
REG-0012008,142,0.07
REG-0012008,143,1.37
REG-0012008,144,10.99
REG-0012008,145,19.82
REG-0012008,146,19.55
REG-0012008,147,17.57
REG-0012008,148,12.46
REG-0012008,149,7.14
REG-0012008,150,3.93
REG-0012008,151,2.13
REG-0012009,138,128
REG-0012009,139,156
REG-0012009,140,BUENA
REG-0012009,141,0.01
REG-0012009,142,0.13
REG-0012009,143,3.39
REG-0012009,144,22.96
REG-0012009,145,34.42
REG-0012009,146,16.79
REG-0012009,147,7.83
REG-0012009,148,4.8
REG-0012009,149,2.98
REG-0012009,150,2.01
REG-0012009,151,1.4
REG-0012010,138,130
REG-0012010,139,160
REG-0012010,140,BUENA
REG-0012010,141,0.04
REG-0012010,142,0.1
REG-0012010,143,1.74
REG-0012010,144,13.99
REG-0012010,145,24.41
REG-0012010,146,22.54
REG-0012010,147,17.32
REG-0012010,148,10.27
REG-0012010,149,4.56
REG-0012010,150,1.91
REG-0012010,151,0.94
REG-0012011,138,125
REG-0012011,139,150
REG-0012011,140,BUENA
REG-0012011,141,0.01
REG-0012011,142,0.19
REG-0012011,143,2.8
REG-0012011,144,17.25
REG-0012011,145,31.71
REG-0012011,146,18.7
REG-0012011,147,9.55
REG-0012011,148,5.81
REG-0012011,149,4.03
REG-0012011,150,2.88
REG-0012011,151,2.15
REG-0012012,138,128
REG-0012012,139,156
REG-0012012,140,BUENA
REG-0012012,141,0.01
REG-0012012,142,0.09
REG-0012012,143,1.16
REG-0012012,144,9.62
REG-0012012,145,23.15
REG-0012012,146,21.08
REG-0012012,147,15.39
REG-0012012,148,10.41
REG-0012012,149,5.85
REG-0012012,150,3.33
REG-0012012,151,2.29
REG-0012013,138,130
REG-0012013,139,160
REG-0012013,140,BUENA
REG-0012013,141,0.02
REG-0012013,142,0.23
REG-0012013,143,4.33
REG-0012013,144,26.94
REG-0012013,145,28.76
REG-0012013,146,14.05
REG-0012013,147,7.22
REG-0012013,148,4.78
REG-0012013,149,3.7
REG-0012013,150,2.9
REG-0012013,151,2.18
REG-0012014,138,134
REG-0012014,139,168
REG-0012014,140,BUENA
REG-0012014,141,0.02
REG-0012014,142,0.19
REG-0012014,143,2.61
REG-0012014,144,15.19
REG-0012014,145,24.65
REG-0012014,146,19.61
REG-0012014,147,14.55
REG-0012014,148,9.51
REG-0012014,149,5.21
REG-0012014,150,2.74
REG-0012014,151,1.63
REG-0012015,138,139
REG-0012015,139,178
REG-0012015,140,BUENA
REG-0012015,141,0.04
REG-0012015,142,0.06
REG-0012015,143,0.77
REG-0012015,144,8.77
REG-0012015,145,25.66
REG-0012015,146,25.61
REG-0012015,147,18.49
REG-0012015,148,10.7
REG-0012015,149,4.43
REG-0012015,150,1.88
REG-0012015,151,0.98
REG-0012016,138,133
REG-0012016,139,166
REG-0012016,140,BUENA
REG-0012016,141,0.04
REG-0012016,142,0.34
REG-0012016,143,5.08
REG-0012016,144,70.57
REG-0012016,145,18.41
REG-0012016,146,2.06
REG-0012016,147,0.68
REG-0012016,148,0.4
REG-0012016,149,0.33
REG-0012016,150,0.27
REG-0012016,151,0.28
REG-0012017,138,138
REG-0012017,139,176
REG-0012017,140,BUENA
REG-0012017,141,0.02
REG-0012017,142,0.03
REG-0012017,143,0.58
REG-0012017,144,7.12
REG-0012017,145,22.8
REG-0012017,146,25.3
REG-0012017,147,19.67
REG-0012017,148,12.63
REG-0012017,149,6
REG-0012017,150,2.49
REG-0012017,151,1.09
REG-0012018,138,133
REG-0012018,139,166
REG-0012018,140,BUENA
REG-0012018,141,0.02
REG-0012018,142,0.14
REG-0012018,143,3.45
REG-0012018,144,34.54
REG-0012018,145,27.66
REG-0012018,146,15.38
REG-0012018,147,9.51
REG-0012018,148,4.54
REG-0012018,149,1.9
REG-0012018,150,0.77
REG-0012018,151,0.46
REG-0012019,138,141
REG-0012019,139,182
REG-0012019,140,BUENA
REG-0012019,141,0.01
REG-0012019,142,0.02
REG-0012019,143,0.3
REG-0012019,144,4.31
REG-0012019,145,20.96
REG-0012019,146,24.75
REG-0012019,147,19.8
REG-0012019,148,14.39
REG-0012019,149,7.58
REG-0012019,150,3.3
REG-0012019,151,1.48
REG-0012020,138,133
REG-0012020,139,166
REG-0012020,140,BUENA
REG-0012020,141,0.02
REG-0012020,142,0.32
REG-0012020,143,3.55
REG-0012020,144,19.16
REG-0012020,145,16.92
REG-0012020,146,13.61
REG-0012020,147,12.54
REG-0012020,148,10
REG-0012020,149,7.6
REG-0012020,150,5.29
REG-0012020,151,3.5
REG-0012021,138,140
REG-0012021,139,180
REG-0012021,140,BUENA
REG-0012021,141,0.01
REG-0012021,142,0.02
REG-0012021,143,0.26
REG-0012021,144,3.62
REG-0012021,145,10.22
REG-0012021,146,11.68
REG-0012021,147,15.32
REG-0012021,148,17.62
REG-0012021,149,15.3
REG-0012021,150,10.17
REG-0012021,151,5.68
REG-0012022,138,136
REG-0012022,139,172
REG-0012022,140,BUENA
REG-0012022,141,0.01
REG-0012022,142,0.3
REG-0012022,143,3.79
REG-0012022,144,18.87
REG-0012022,145,16.07
REG-0012022,146,12.76
REG-0012022,147,11.44
REG-0012022,148,9.96
REG-0012022,149,7.31
REG-0012022,150,5.08
REG-0012022,151,3.55
REG-0012023,138,139
REG-0012023,139,178
REG-0012023,140,BUENA
REG-0012023,141,0
REG-0012023,142,0.06
REG-0012023,143,0.46
REG-0012023,144,5.19
REG-0012023,145,10.09
REG-0012023,146,11.63
REG-0012023,147,17.15
REG-0012023,148,18.45
REG-0012023,149,14.33
REG-0012023,150,8.95
REG-0012023,151,4.91
REG-0012024,138,133
REG-0012024,139,166
REG-0012024,140,BUENA
REG-0012024,141,0.03
REG-0012024,142,0.21
REG-0012024,143,4.83
REG-0012024,144,39.99
REG-0012024,145,20.9
REG-0012024,146,9.31
REG-0012024,147,7.11
REG-0012024,148,5.08
REG-0012024,149,3.54
REG-0012024,150,2.43
REG-0012024,151,1.68
REG-0012025,138,140
REG-0012025,139,180
REG-0012025,140,BUENA
REG-0012025,141,0.04
REG-0012025,142,0.04
REG-0012025,143,0.63
REG-0012025,144,6.85
REG-0012025,145,20.23
REG-0012025,146,22.19
REG-0012025,147,17.47
REG-0012025,148,12.74
REG-0012025,149,7.91
REG-0012025,150,4.48
REG-0012025,151,2.44
REG-0012026,138,124
REG-0012026,139,148
REG-0012026,140,BUENA
REG-0012026,141,0.02
REG-0012026,142,0.11
REG-0012026,143,1.53
REG-0012026,144,8.67
REG-0012026,145,9.14
REG-0012026,146,7.47
REG-0012026,147,7.74
REG-0012026,148,8.03
REG-0012026,149,7.7
REG-0012026,150,7.2
REG-0012026,151,6.67
REG-0012027,138,136
REG-0012027,139,172
REG-0012027,140,BUENA
REG-0012027,141,0.03
REG-0012027,142,0.03
REG-0012027,143,0.58
REG-0012027,144,6.97
REG-0012027,145,15.23
REG-0012027,146,18.27
REG-0012027,147,21.25
REG-0012027,148,16.37
REG-0012027,149,8.92
REG-0012027,150,4.2
REG-0012027,151,2.26
REG-0012028,138,128
REG-0012028,139,156
REG-0012028,140,BUENA
REG-0012028,141,0.04
REG-0012028,142,0.68
REG-0012028,143,6.12
REG-0012028,144,24.79
REG-0012028,145,16.68
REG-0012028,146,9.84
REG-0012028,147,8.93
REG-0012028,148,8.3
REG-0012028,149,6.57
REG-0012028,150,4.77
REG-0012028,151,3.29
REG-0012029,138,133
REG-0012029,139,166
REG-0012029,140,BUENA
REG-0012029,141,0.04
REG-0012029,142,0.04
REG-0012029,143,0.73
REG-0012029,144,7.63
REG-0012029,145,14.3
REG-0012029,146,17.17
REG-0012029,147,19.82
REG-0012029,148,16.37
REG-0012029,149,9.8
REG-0012029,150,4.81
REG-0012029,151,2.48
REG-0012030,138,134
REG-0012030,139,168
REG-0012030,140,BUENA
REG-0012030,141,0.02
REG-0012030,142,0.3
REG-0012030,143,3.25
REG-0012030,144,19.79
REG-0012030,145,22.23
REG-0012030,146,13.07
REG-0012030,147,10.87
REG-0012030,148,8.3
REG-0012030,149,5.99
REG-0012030,150,4.33
REG-0012030,151,3.26
REG-0012031,138,136
REG-0012031,139,172
REG-0012031,140,BUENA
REG-0012031,141,0.02
REG-0012031,142,0.04
REG-0012031,143,0.94
REG-0012031,144,8.91
REG-0012031,145,13.61
REG-0012031,146,16.62
REG-0012031,147,19.64
REG-0012031,148,16.46
REG-0012031,149,9.79
REG-0012031,150,4.68
REG-0012031,151,2.52
REG-0012032,138,128
REG-0012032,139,156
REG-0012032,140,BUENA
REG-0012032,141,0.02
REG-0012032,142,0.18
REG-0012032,143,1.9
REG-0012032,144,14.14
REG-0012032,145,22.32
REG-0012032,146,15.15
REG-0012032,147,12.94
REG-0012032,148,11.64
REG-0012032,149,8.19
REG-0012032,150,5.16
REG-0012032,151,2.97
REG-0012033,138,131
REG-0012033,139,162
REG-0012033,140,BUENA
REG-0012033,141,0.01
REG-0012033,142,0.07
REG-0012033,143,0.74
REG-0012033,144,7.94
REG-0012033,145,15.11
REG-0012033,146,17.48
REG-0012033,147,19.39
REG-0012033,148,15.98
REG-0012033,149,9.22
REG-0012033,150,4.5
REG-0012033,151,2.42
REG-0012034,138,122
REG-0012034,139,144
REG-0012034,140,BUENA
REG-0012034,141,0.02
REG-0012034,142,0.07
REG-0012034,143,1.12
REG-0012034,144,8.83
REG-0012034,145,18.55
REG-0012034,146,14.5
REG-0012034,147,14.03
REG-0012034,148,13.13
REG-0012034,149,10.99
REG-0012034,150,7.76
REG-0012034,151,4.61
REG-0012035,138,123
REG-0012035,139,146
REG-0012035,140,BUENA
REG-0012035,141,0.02
REG-0012035,142,0.03
REG-0012035,143,0.7
REG-0012035,144,7.42
REG-0012035,145,13.39
REG-0012035,146,15.88
REG-0012035,147,19.61
REG-0012035,148,16.71
REG-0012035,149,10.59
REG-0012035,150,5.29
REG-0012035,151,2.73
REG-0012036,138,127
REG-0012036,139,154
REG-0012036,140,BUENA
REG-0012036,141,0.01
REG-0012036,142,0.12
REG-0012036,143,1.44
REG-0012036,144,10.26
REG-0012036,145,18.31
REG-0012036,146,13.24
REG-0012036,147,13.31
REG-0012036,148,12.6
REG-0012036,149,10.57
REG-0012036,150,7.71
REG-0012036,151,4.75
REG-0012037,138,128
REG-0012037,139,156
REG-0012037,140,BUENA
REG-0012037,141,0.01
REG-0012037,142,0.06
REG-0012037,143,1.16
REG-0012037,144,11.74
REG-0012037,145,19.62
REG-0012037,146,20.56
REG-0012037,147,19.03
REG-0012037,148,11.75
REG-0012037,149,5.74
REG-0012037,150,2.87
REG-0012037,151,1.86
REG-0012038,138,128
REG-0012038,139,156
REG-0012038,140,BUENA
REG-0012038,141,0.02
REG-0012038,142,0.25
REG-0012038,143,2.29
REG-0012038,144,14.39
REG-0012038,145,17.68
REG-0012038,146,12.41
REG-0012038,147,11.8
REG-0012038,148,10.65
REG-0012038,149,8.75
REG-0012038,150,6.41
REG-0012038,151,4.31
REG-0012039,138,132
REG-0012039,139,164
REG-0012039,140,BUENA
REG-0012039,141,0.02
REG-0012039,142,0.04
REG-0012039,143,0.66
REG-0012039,144,7.5
REG-0012039,145,14.66
REG-0012039,146,17.05
REG-0012039,147,20.3
REG-0012039,148,16.5
REG-0012039,149,9.62
REG-0012039,150,4.75
REG-0012039,151,2.54
REG-0012040,138,120
REG-0012040,139,140
REG-0012040,140,BUENA
REG-0012040,141,0.01
REG-0012040,142,0.09
REG-0012040,143,1.21
REG-0012040,144,8.58
REG-0012040,145,16.12
REG-0012040,146,12.41
REG-0012040,147,12.4
REG-0012040,148,12.5
REG-0012040,149,11.19
REG-0012040,150,8.76
REG-0012040,151,5.94
REG-0012041,138,128
REG-0012041,139,156
REG-0012041,140,BUENA
REG-0012041,141,0.02
REG-0012041,142,0.05
REG-0012041,143,1.25
REG-0012041,144,12.2
REG-0012041,145,19.98
REG-0012041,146,20.47
REG-0012041,147,18.13
REG-0012041,148,11.26
REG-0012041,149,5.42
REG-0012041,150,2.83
REG-0012041,151,1.98
REG-0012042,138,122
REG-0012042,139,144
REG-0012042,140,BUENA
REG-0012042,141,0.04
REG-0012042,142,0.08
REG-0012042,143,0.9
REG-0012042,144,6.34
REG-0012042,145,14.01
REG-0012042,146,10.89
REG-0012042,147,11.46
REG-0012042,148,11.36
REG-0012042,149,11.37
REG-0012042,150,9.64
REG-0012042,151,7.14
REG-0012043,138,126
REG-0012043,139,152
REG-0012043,140,BUENA
REG-0012043,141,0.02
REG-0012043,142,0.06
REG-0012043,143,0.87
REG-0012043,144,8.42
REG-0012043,145,17.64
REG-0012043,146,20.79
REG-0012043,147,20.46
REG-0012043,148,14.03
REG-0012043,149,7.11
REG-0012043,150,3.49
REG-0012043,151,1.93
REG-0012044,138,122
REG-0012044,139,144
REG-0012044,140,BUENA
REG-0012044,141,0.02
REG-0012044,142,0.07
REG-0012044,143,1
REG-0012044,144,13.13
REG-0012044,145,32.32
REG-0012044,146,22.76
REG-0012044,147,14.74
REG-0012044,148,7.64
REG-0012044,149,3.19
REG-0012044,150,1.58
REG-0012044,151,1.01
REG-0012045,138,120
REG-0012045,139,140
REG-0012045,140,BUENA
REG-0012045,141,0.01
REG-0012045,142,0.02
REG-0012045,143,0.76
REG-0012045,144,8.96
REG-0012045,145,18.63
REG-0012045,146,16.87
REG-0012045,147,16.64
REG-0012045,148,14.28
REG-0012045,149,9.87
REG-0012045,150,6.01
REG-0012045,151,3.16
REG-0012046,138,130
REG-0012046,139,160
REG-0012046,140,BUENA
REG-0012046,141,0.01
REG-0012046,142,0.03
REG-0012046,143,0.8
REG-0012046,144,8.64
REG-0012046,145,17.58
REG-0012046,146,21.78
REG-0012046,147,20
REG-0012046,148,13.41
REG-0012046,149,6.77
REG-0012046,150,3.39
REG-0012046,151,2.04
REG-0012047,138,122
REG-0012047,139,144
REG-0012047,140,BUENA
REG-0012047,141,0
REG-0012047,142,0.06
REG-0012047,143,0.96
REG-0012047,144,7.03
REG-0012047,145,11.77
REG-0012047,146,10.6
REG-0012047,147,11.75
REG-0012047,148,12.57
REG-0012047,149,11.73
REG-0012047,150,9.8
REG-0012047,151,7.1
REG-0012048,138,128
REG-0012048,139,156
REG-0012048,140,BUENA
REG-0012048,141,0.01
REG-0012048,142,0.03
REG-0012048,143,0.62
REG-0012048,144,6.88
REG-0012048,145,14.73
REG-0012048,146,19.02
REG-0012048,147,22
REG-0012048,148,15.6
REG-0012048,149,8.34
REG-0012048,150,3.96
REG-0012048,151,2.26
REG-0012049,138,125
REG-0012049,139,150
REG-0012049,140,BUENA
REG-0012049,141,0.02
REG-0012049,142,0.11
REG-0012049,143,0.96
REG-0012049,144,7.56
REG-0012049,145,13.84
REG-0012049,146,11.03
REG-0012049,147,10.17
REG-0012049,148,10.68
REG-0012049,149,9.38
REG-0012049,150,7.61
REG-0012049,151,5.83
REG-0012050,138,122
REG-0012050,139,144
REG-0012050,140,BUENA
REG-0012050,141,0.01
REG-0012050,142,0.04
REG-0012050,143,0.67
REG-0012050,144,6.86
REG-0012050,145,12.79
REG-0012050,146,16.38
REG-0012050,147,21.05
REG-0012050,148,18.17
REG-0012050,149,10.22
REG-0012050,150,4.86
REG-0012050,151,2.45
REG-0012051,138,120
REG-0012051,139,140
REG-0012051,140,BUENA
REG-0012051,141,0
REG-0012051,142,0.07
REG-0012051,143,0.94
REG-0012051,144,7.96
REG-0012051,145,16.29
REG-0012051,146,12.7
REG-0012051,147,12.38
REG-0012051,148,11.99
REG-0012051,149,10.53
REG-0012051,150,8.27
REG-0012051,151,5.79
REG-0012052,138,125
REG-0012052,139,150
REG-0012052,140,BUENA
REG-0012052,141,0.01
REG-0012052,142,0.04
REG-0012052,143,1.06
REG-0012052,144,10.17
REG-0012052,145,18.04
REG-0012052,146,20.36
REG-0012052,147,19.34
REG-0012052,148,12.81
REG-0012052,149,6.5
REG-0012052,150,3.3
REG-0012052,151,2.04
REG-0012053,138,131
REG-0012053,139,162
REG-0012053,140,BUENA
REG-0012053,141,0.03
REG-0012053,142,0.39
REG-0012053,143,2.67
REG-0012053,144,41.84
REG-0012053,145,40.8
REG-0012053,146,6.34
REG-0012053,147,1.98
REG-0012053,148,1.17
REG-0012053,149,0.98
REG-0012053,150,0.94
REG-0012053,151,0.77
REG-0012054,138,122
REG-0012054,139,144
REG-0012054,140,BUENA
REG-0012054,141,0.01
REG-0012054,142,0.04
REG-0012054,143,0.64
REG-0012054,144,7.17
REG-0012054,145,12.71
REG-0012054,146,15.51
REG-0012054,147,19.08
REG-0012054,148,17.35
REG-0012054,149,11.12
REG-0012054,150,5.79
REG-0012054,151,3.02
REG-0012055,138,131
REG-0012055,139,162
REG-0012055,140,BUENA
REG-0012055,141,0.01
REG-0012055,142,0.17
REG-0012055,143,3.01
REG-0012055,144,25.12
REG-0012055,145,28.53
REG-0012055,146,17.07
REG-0012055,147,11.44
REG-0012055,148,6.31
REG-0012055,149,3.26
REG-0012055,150,1.7
REG-0012055,151,1.01
REG-0012056,138,128
REG-0012056,139,156
REG-0012056,140,BUENA
REG-0012056,141,0.01
REG-0012056,142,0.05
REG-0012056,143,1.03
REG-0012056,144,9.83
REG-0012056,145,15.8
REG-0012056,146,17.99
REG-0012056,147,19.74
REG-0012056,148,14.71
REG-0012056,149,8.11
REG-0012056,150,4.03
REG-0012056,151,2.2
REG-0012057,138,132
REG-0012057,139,164
REG-0012057,140,BUENA
REG-0012057,141,0.04
REG-0012057,142,0.16
REG-0012057,143,2.31
REG-0012057,144,14.46
REG-0012057,145,18.3
REG-0012057,146,14.57
REG-0012057,147,13.59
REG-0012057,148,11.86
REG-0012057,149,8.78
REG-0012057,150,5.97
REG-0012057,151,3.7
REG-0012058,138,126
REG-0012058,139,152
REG-0012058,140,BUENA
REG-0012058,141,0.02
REG-0012058,142,0.08
REG-0012058,143,1.13
REG-0012058,144,9.96
REG-0012058,145,14.84
REG-0012058,146,17.43
REG-0012058,147,19.26
REG-0012058,148,14.52
REG-0012058,149,8.46
REG-0012058,150,4.33
REG-0012058,151,2.39
REG-0012059,138,127
REG-0012059,139,154
REG-0012059,140,BUENA
REG-0012059,141,0.03
REG-0012059,142,0.17
REG-0012059,143,1.94
REG-0012059,144,11.13
REG-0012059,145,14.33
REG-0012059,146,12.05
REG-0012059,147,12.07
REG-0012059,148,12.34
REG-0012059,149,11
REG-0012059,150,8.85
REG-0012059,151,6.17
REG-0012060,138,126
REG-0012060,139,152
REG-0012060,140,BUENA
REG-0012060,141,0.03
REG-0012060,142,0.05
REG-0012060,143,1.23
REG-0012060,144,10.94
REG-0012060,145,17.28
REG-0012060,146,19.16
REG-0012060,147,18.23
REG-0012060,148,12.79
REG-0012060,149,7.13
REG-0012060,150,3.68
REG-0012060,151,2.18
REG-0012061,138,128
REG-0012061,139,156
REG-0012061,140,BUENA
REG-0012061,141,0.02
REG-0012061,142,0.13
REG-0012061,143,1.24
REG-0012061,144,7.84
REG-0012061,145,10.39
REG-0012061,146,8.91
REG-0012061,147,9.65
REG-0012061,148,10.82
REG-0012061,149,11.39
REG-0012061,150,10.76
REG-0012061,151,9.11
REG-0012062,138,126
REG-0012062,139,152
REG-0012062,140,BUENA
REG-0012062,141,0.02
REG-0012062,142,0.06
REG-0012062,143,1.29
REG-0012062,144,10.45
REG-0012062,145,17.27
REG-0012062,146,18.38
REG-0012062,147,18.28
REG-0012062,148,13.44
REG-0012062,149,7.59
REG-0012062,150,4.02
REG-0012062,151,2.32
REG-0012063,138,120
REG-0012063,139,140
REG-0012063,140,BUENA
REG-0012063,141,0.01
REG-0012063,142,0.05
REG-0012063,143,0.72
REG-0012063,144,4.27
REG-0012063,145,7.07
REG-0012063,146,5.95
REG-0012063,147,6.69
REG-0012063,148,8.05
REG-0012063,149,9.16
REG-0012063,150,9.95
REG-0012063,151,10.15
REG-0012064,138,124
REG-0012064,139,148
REG-0012064,140,BUENA
REG-0012064,141,0.02
REG-0012064,142,0.09
REG-0012064,143,1.2
REG-0012064,144,9.62
REG-0012064,145,14.47
REG-0012064,146,15.72
REG-0012064,147,17.96
REG-0012064,148,15.3
REG-0012064,149,10.08
REG-0012064,150,5.41
REG-0012064,151,2.77
REG-0012065,138,123
REG-0012065,139,146
REG-0012065,140,BUENA
REG-0012065,141,0.01
REG-0012065,142,0.27
REG-0012065,143,3.32
REG-0012065,144,23.81
REG-0012065,145,25.44
REG-0012065,146,11.5
REG-0012065,147,8.68
REG-0012065,148,7.01
REG-0012065,149,5.61
REG-0012065,150,4.34
REG-0012065,151,3.14
REG-0012066,138,125
REG-0012066,139,150
REG-0012066,140,BUENA
REG-0012066,141,0.02
REG-0012066,142,0.04
REG-0012066,143,1
REG-0012066,144,9.09
REG-0012066,145,15.35
REG-0012066,146,18.24
REG-0012066,147,19.78
REG-0012066,148,14.51
REG-0012066,149,8.28
REG-0012066,150,4.2
REG-0012066,151,2.41
REG-0012067,138,130
REG-0012067,139,160
REG-0012067,140,BUENA
REG-0012067,141,0.03
REG-0012067,142,0.14
REG-0012067,143,1.52
REG-0012067,144,10.31
REG-0012067,145,15.37
REG-0012067,146,15.92
REG-0012067,147,17.24
REG-0012067,148,14.15
REG-0012067,149,9.07
REG-0012067,150,5.02
REG-0012067,151,2.83
REG-0012068,138,128
REG-0012068,139,156
REG-0012068,140,BUENA
REG-0012068,141,0.04
REG-0012068,142,0.14
REG-0012068,143,1.62
REG-0012068,144,11.11
REG-0012068,145,16.96
REG-0012068,146,16.92
REG-0012068,147,17.31
REG-0012068,148,13.33
REG-0012068,149,7.86
REG-0012068,150,4.23
REG-0012068,151,2.41
REG-0012069,138,136
REG-0012069,139,172
REG-0012069,140,BUENA
REG-0012069,141,0.01
REG-0012069,142,0.03
REG-0012069,143,1.06
REG-0012069,144,29.11
REG-0012069,145,38.46
REG-0012069,146,17.7
REG-0012069,147,7.26
REG-0012069,148,2.63
REG-0012069,149,1.14
REG-0012069,150,0.59
REG-0012069,151,0.38
REG-0012070,138,130
REG-0012070,139,160
REG-0012070,140,BUENA
REG-0012070,141,0.04
REG-0012070,142,0.14
REG-0012070,143,1.63
REG-0012070,144,11.75
REG-0012070,145,19.65
REG-0012070,146,17.35
REG-0012070,147,16.69
REG-0012070,148,12.54
REG-0012070,149,6.91
REG-0012070,150,3.64
REG-0012070,151,2.13
REG-0012071,138,128
REG-0012071,139,156
REG-0012071,140,BUENA
REG-0012071,141,0.03
REG-0012071,142,0.04
REG-0012071,143,0.82
REG-0012071,144,6.63
REG-0012071,145,11.58
REG-0012071,146,10.63
REG-0012071,147,11.87
REG-0012071,148,12.32
REG-0012071,149,11.82
REG-0012071,150,10.24
REG-0012071,151,8.11
REG-0012072,138,130
REG-0012072,139,160
REG-0012072,140,BUENA
REG-0012072,141,0.12
REG-0012072,142,0.27
REG-0012072,143,2.01
REG-0012072,144,12.38
REG-0012072,145,19.81
REG-0012072,146,17.74
REG-0012072,147,15.91
REG-0012072,148,11.81
REG-0012072,149,6.71
REG-0012072,150,3.48
REG-0012072,151,2.11
REG-0012073,138,136
REG-0012073,139,172
REG-0012073,140,BUENA
REG-0012073,141,0.01
REG-0012073,142,0.1
REG-0012073,143,1.89
REG-0012073,144,21.06
REG-0012073,145,26.34
REG-0012073,146,16.11
REG-0012073,147,9.16
REG-0012073,148,6.29
REG-0012073,149,4.87
REG-0012073,150,3.72
REG-0012073,151,2.81
REG-0012074,138,134
REG-0012074,139,168
REG-0012074,140,BUENA
REG-0012074,141,0.05
REG-0012074,142,0.15
REG-0012074,143,1.56
REG-0012074,144,10.85
REG-0012074,145,17.15
REG-0012074,146,15.88
REG-0012074,147,17.05
REG-0012074,148,13.6
REG-0012074,149,8.52
REG-0012074,150,4.75
REG-0012074,151,2.62
REG-0012075,138,127
REG-0012075,139,154
REG-0012075,140,BUENA
REG-0012075,141,0.02
REG-0012075,142,0.1
REG-0012075,143,1.19
REG-0012075,144,5.86
REG-0012075,145,10.29
REG-0012075,146,9.36
REG-0012075,147,9.66
REG-0012075,148,11.01
REG-0012075,149,11.11
REG-0012075,150,10.16
REG-0012075,151,8.38
REG-0012076,138,124
REG-0012076,139,148
REG-0012076,140,BUENA
REG-0012076,141,0.09
REG-0012076,142,0.22
REG-0012076,143,1.74
REG-0012076,144,10.65
REG-0012076,145,18.01
REG-0012076,146,16.07
REG-0012076,147,15.86
REG-0012076,148,12.94
REG-0012076,149,8.32
REG-0012076,150,4.62
REG-0012076,151,2.69
REG-0012077,138,127
REG-0012077,139,154
REG-0012077,140,BUENA
REG-0012077,141,0.02
REG-0012077,142,0.21
REG-0012077,143,2.42
REG-0012077,144,10.25
REG-0012077,145,16.26
REG-0012077,146,13.17
REG-0012077,147,11.86
REG-0012077,148,10.99
REG-0012077,149,9.35
REG-0012077,150,7.49
REG-0012077,151,5.67
REG-0012078,138,127
REG-0012078,139,154
REG-0012078,140,BUENA
REG-0012078,141,0.09
REG-0012078,142,0.3
REG-0012078,143,2.66
REG-0012078,144,13.83
REG-0012078,145,16.98
REG-0012078,146,16.43
REG-0012078,147,15.36
REG-0012078,148,12.64
REG-0012078,149,7.58
REG-0012078,150,4.13
REG-0012078,151,2.31
REG-0012079,138,139
REG-0012079,139,178
REG-0012079,140,BUENA
REG-0012079,141,0.06
REG-0012079,142,0.47
REG-0012079,143,3.81
REG-0012079,144,13.82
REG-0012079,145,18.27
REG-0012079,146,13.97
REG-0012079,147,10.76
REG-0012079,148,9.7
REG-0012079,149,7.77
REG-0012079,150,6.27
REG-0012079,151,4.85
REG-0012080,138,134
REG-0012080,139,168
REG-0012080,140,BUENA
REG-0012080,141,0.1
REG-0012080,142,0.44
REG-0012080,143,3.14
REG-0012080,144,14.75
REG-0012080,145,19.19
REG-0012080,146,16.39
REG-0012080,147,14.83
REG-0012080,148,10.94
REG-0012080,149,6.43
REG-0012080,150,3.54
REG-0012080,151,2.1
REG-0012081,138,130
REG-0012081,139,160
REG-0012081,140,BUENA
REG-0012081,141,0.07
REG-0012081,142,0.48
REG-0012081,143,3.62
REG-0012081,144,12.42
REG-0012081,145,17.14
REG-0012081,146,12.53
REG-0012081,147,10.85
REG-0012081,148,9.67
REG-0012081,149,8.03
REG-0012081,150,6.45
REG-0012081,151,5.13
REG-0012082,138,134
REG-0012082,139,168
REG-0012082,140,BUENA
REG-0012082,141,0.02
REG-0012082,142,0.18
REG-0012082,143,1.87
REG-0012082,144,8.65
REG-0012082,145,14.22
REG-0012082,146,11.17
REG-0012082,147,10.72
REG-0012082,148,11.16
REG-0012082,149,10.21
REG-0012082,150,8.6
REG-0012082,151,6.87
REG-0012083,138,132
REG-0012083,139,164
REG-0012083,140,BUENA
REG-0012083,141,0.03
REG-0012083,142,0.12
REG-0012083,143,1.43
REG-0012083,144,9.97
REG-0012083,145,16.37
REG-0012083,146,17.27
REG-0012083,147,18.32
REG-0012083,148,13.78
REG-0012083,149,8.04
REG-0012083,150,4.19
REG-0012083,151,2.45
REG-0012084,138,129
REG-0012084,139,158
REG-0012084,140,BUENA
REG-0012084,141,0.03
REG-0012084,142,0.23
REG-0012084,143,2.31
REG-0012084,144,9.65
REG-0012084,145,15.83
REG-0012084,146,12.13
REG-0012084,147,10.82
REG-0012084,148,9.61
REG-0012084,149,8.6
REG-0012084,150,7.16
REG-0012084,151,5.8
REG-0012085,138,143
REG-0012085,139,186
REG-0012085,140,BUENA
REG-0012085,141,0.03
REG-0012085,142,0.06
REG-0012085,143,1.09
REG-0012085,144,9.07
REG-0012085,145,12.51
REG-0012085,146,17.3
REG-0012085,147,21.01
REG-0012085,148,16.46
REG-0012085,149,8.96
REG-0012085,150,4.82
REG-0012085,151,2.65
REG-0012086,138,130
REG-0012086,139,160
REG-0012086,140,BUENA
REG-0012086,141,0.02
REG-0012086,142,0.18
REG-0012086,143,1.74
REG-0012086,144,8.11
REG-0012086,145,13.39
REG-0012086,146,11.12
REG-0012086,147,10.35
REG-0012086,148,9.87
REG-0012086,149,9.16
REG-0012086,150,8.11
REG-0012086,151,6.76
REG-0012087,138,138
REG-0012087,139,176
REG-0012087,140,BUENA
REG-0012087,141,0.05
REG-0012087,142,0.4
REG-0012087,143,3.33
REG-0012087,144,11.29
REG-0012087,145,16.35
REG-0012087,146,11.87
REG-0012087,147,10.1
REG-0012087,148,8.85
REG-0012087,149,7.89
REG-0012087,150,6.82
REG-0012087,151,5.64
REG-0012088,138,131
REG-0012088,139,162
REG-0012088,140,BUENA
REG-0012088,141,0.15
REG-0012088,142,0.39
REG-0012088,143,2.37
REG-0012088,144,12.98
REG-0012088,145,17.85
REG-0012088,146,17.93
REG-0012088,147,16.86
REG-0012088,148,11.81
REG-0012088,149,6.49
REG-0012088,150,3.51
REG-0012088,151,2.24
REG-0012089,138,136
REG-0012089,139,172
REG-0012089,140,BUENA
REG-0012089,141,0.05
REG-0012089,142,0.15
REG-0012089,143,2.3
REG-0012089,144,19.15
REG-0012089,145,24.05
REG-0012089,146,18.97
REG-0012089,147,12.92
REG-0012089,148,7.22
REG-0012089,149,3.77
REG-0012089,150,2.41
REG-0012089,151,1.96
REG-0012090,138,138
REG-0012090,139,176
REG-0012090,140,BUENA
REG-0012090,141,0.02
REG-0012090,142,0.23
REG-0012090,143,2.2
REG-0012090,144,8.93
REG-0012090,145,14.35
REG-0012090,146,11.7
REG-0012090,147,10.65
REG-0012090,148,9.67
REG-0012090,149,8.68
REG-0012090,150,7.49
REG-0012090,151,6.28
REG-0012091,138,135
REG-0012091,139,170
REG-0012091,140,BUENA
REG-0012091,141,0.06
REG-0012091,142,0.13
REG-0012091,143,2.33
REG-0012091,144,18.71
REG-0012091,145,24.29
REG-0012091,146,18.82
REG-0012091,147,13.01
REG-0012091,148,7.55
REG-0012091,149,3.76
REG-0012091,150,2.39
REG-0012091,151,1.98
REG-0012092,138,130
REG-0012092,139,160
REG-0012092,140,BUENA
REG-0012092,141,0.02
REG-0012092,142,0.04
REG-0012092,143,1.08
REG-0012092,144,10.52
REG-0012092,145,16.79
REG-0012092,146,17.34
REG-0012092,147,18.29
REG-0012092,148,15.28
REG-0012092,149,9.73
REG-0012092,150,5.03
REG-0012092,151,2.3
REG-0012093,138,132
REG-0012093,139,164
REG-0012093,140,BUENA
REG-0012093,141,0.01
REG-0012093,142,0.07
REG-0012093,143,0.89
REG-0012093,144,8.33
REG-0012093,145,16.1
REG-0012093,146,15.08
REG-0012093,147,15.8
REG-0012093,148,14.06
REG-0012093,149,9.4
REG-0012093,150,5.66
REG-0012093,151,3.47
REG-0012094,138,134
REG-0012094,139,168
REG-0012094,140,BUENA
REG-0012094,141,0.02
REG-0012094,142,0.07
REG-0012094,143,1.55
REG-0012094,144,11.98
REG-0012094,145,16.85
REG-0012094,146,15.48
REG-0012094,147,15.97
REG-0012094,148,14.19
REG-0012094,149,10.62
REG-0012094,150,6.36
REG-0012094,151,3.09
REG-0012095,138,130
REG-0012095,139,160
REG-0012095,140,BUENA
REG-0012095,141,0.02
REG-0012095,142,0.09
REG-0012095,143,0.74
REG-0012095,144,6.2
REG-0012095,145,12.98
REG-0012095,146,13.14
REG-0012095,147,14.53
REG-0012095,148,14.58
REG-0012095,149,11.32
REG-0012095,150,7.65
REG-0012095,151,4.67
REG-0012096,138,134
REG-0012096,139,168
REG-0012096,140,BUENA
REG-0012096,141,0.02
REG-0012096,142,0.05
REG-0012096,143,1.3
REG-0012096,144,10.79
REG-0012096,145,15.81
REG-0012096,146,16.05
REG-0012096,147,16.91
REG-0012096,148,14.73
REG-0012096,149,10.45
REG-0012096,150,6.17
REG-0012096,151,3.12
REG-0012097,138,136
REG-0012097,139,172
REG-0012097,140,BUENA
REG-0012097,141,0.04
REG-0012097,142,0.11
REG-0012097,143,0.93
REG-0012097,144,9.01
REG-0012097,145,16.66
REG-0012097,146,15.05
REG-0012097,147,15.91
REG-0012097,148,13.47
REG-0012097,149,9.26
REG-0012097,150,5.64
REG-0012097,151,3.41
REG-0012098,138,134
REG-0012098,139,168
REG-0012098,140,BUENA
REG-0012098,141,0.02
REG-0012098,142,0.06
REG-0012098,143,0.93
REG-0012098,144,6.97
REG-0012098,145,9.6
REG-0012098,146,12.2
REG-0012098,147,17.25
REG-0012098,148,20.08
REG-0012098,149,15.08
REG-0012098,150,8.31
REG-0012098,151,3.58
REG-0012099,138,136
REG-0012099,139,172
REG-0012099,140,BUENA
REG-0012099,141,0.02
REG-0012099,142,0.1
REG-0012099,143,1.66
REG-0012099,144,15.57
REG-0012099,145,22.59
REG-0012099,146,22.29
REG-0012099,147,16.14
REG-0012099,148,8.77
REG-0012099,149,4.12
REG-0012099,150,2.16
REG-0012099,151,1.36
REG-0012100,138,134
REG-0012100,139,168
REG-0012100,140,BUENA
REG-0012100,141,0.03
REG-0012100,142,0.04
REG-0012100,143,0.95
REG-0012100,144,9.29
REG-0012100,145,15.18
REG-0012100,146,17.55
REG-0012100,147,19.18
REG-0012100,148,16.35
REG-0012100,149,9.02
REG-0012100,150,4.11
REG-0012100,151,2.04
REG-0012101,138,128
REG-0012101,139,156
REG-0012101,140,BUENA
REG-0012101,141,0.05
REG-0012101,142,0.04
REG-0012101,143,0.86
REG-0012101,144,7.6
REG-0012101,145,11.98
REG-0012101,146,12.27
REG-0012101,147,14.18
REG-0012101,148,15.34
REG-0012101,149,13.91
REG-0012101,150,10.51
REG-0012101,151,6.4
REG-0012102,138,130
REG-0012102,139,160
REG-0012102,140,BUENA
REG-0012102,141,0.02
REG-0012102,142,0.08
REG-0012102,143,0.54
REG-0012102,144,4.32
REG-0012102,145,7.41
REG-0012102,146,9.93
REG-0012102,147,16.29
REG-0012102,148,19.95
REG-0012102,149,16.76
REG-0012102,150,9.77
REG-0012102,151,4.58
REG-0012103,138,126
REG-0012103,139,152
REG-0012103,140,BUENA
REG-0012103,141,0.01
REG-0012103,142,0.06
REG-0012103,143,1.12
REG-0012103,144,8.95
REG-0012103,145,13.83
REG-0012103,146,12.1
REG-0012103,147,12.95
REG-0012103,148,14
REG-0012103,149,12.68
REG-0012103,150,9.99
REG-0012103,151,6.54
REG-0012104,138,132
REG-0012104,139,164
REG-0012104,140,BUENA
REG-0012104,141,0.04
REG-0012104,142,0.19
REG-0012104,143,0.94
REG-0012104,144,6.16
REG-0012104,145,11.92
REG-0012104,146,12.8
REG-0012104,147,17.02
REG-0012104,148,18.13
REG-0012104,149,13.21
REG-0012104,150,7.38
REG-0012104,151,3.55
REG-0012105,138,130
REG-0012105,139,160
REG-0012105,140,BUENA
REG-0012105,141,0.01
REG-0012105,142,0.08
REG-0012105,143,1.27
REG-0012105,144,9.17
REG-0012105,145,12.91
REG-0012105,146,11.36
REG-0012105,147,12.39
REG-0012105,148,12.84
REG-0012105,149,12.07
REG-0012105,150,10.07
REG-0012105,151,7.22
REG-0012106,138,127
REG-0012106,139,154
REG-0012106,140,BUENA
REG-0012106,141,0.03
REG-0012106,142,0.15
REG-0012106,143,0.87
REG-0012106,144,6.16
REG-0012106,145,12.17
REG-0012106,146,12.61
REG-0012106,147,16.28
REG-0012106,148,17.57
REG-0012106,149,13.5
REG-0012106,150,8
REG-0012106,151,3.92
REG-0012107,138,131
REG-0012107,139,162
REG-0012107,140,BUENA
REG-0012107,141,0.03
REG-0012107,142,0.08
REG-0012107,143,1.11
REG-0012107,144,8.28
REG-0012107,145,12.85
REG-0012107,146,12.39
REG-0012107,147,13.84
REG-0012107,148,14.62
REG-0012107,149,13.06
REG-0012107,150,9.97
REG-0012107,151,6.29
REG-0012108,138,128
REG-0012108,139,156
REG-0012108,140,BUENA
REG-0012108,141,0.02
REG-0012108,142,0.07
REG-0012108,143,0.79
REG-0012108,144,7.13
REG-0012108,145,12.99
REG-0012108,146,13.92
REG-0012108,147,16.48
REG-0012108,148,15.84
REG-0012108,149,11.95
REG-0012108,150,7.08
REG-0012108,151,3.72
REG-0012109,138,132
REG-0012109,139,164
REG-0012109,140,BUENA
REG-0012109,141,0.02
REG-0012109,142,0.09
REG-0012109,143,1.49
REG-0012109,144,10.78
REG-0012109,145,14.8
REG-0012109,146,11.63
REG-0012109,147,11.76
REG-0012109,148,12.04
REG-0012109,149,11.05
REG-0012109,150,9.01
REG-0012109,151,6.63
REG-0012110,138,126
REG-0012110,139,152
REG-0012110,140,BUENA
REG-0012110,141,0.08
REG-0012110,142,0.29
REG-0012110,143,0.95
REG-0012110,144,5.8
REG-0012110,145,10.84
REG-0012110,146,11.39
REG-0012110,147,15.13
REG-0012110,148,16.91
REG-0012110,149,14.11
REG-0012110,150,9.13
REG-0012110,151,4.88
REG-0012111,138,132
REG-0012111,139,164
REG-0012111,140,BUENA
REG-0012111,141,0.04
REG-0012111,142,0.18
REG-0012111,143,1.86
REG-0012111,144,12.47
REG-0012111,145,15
REG-0012111,146,11.16
REG-0012111,147,11.8
REG-0012111,148,11.05
REG-0012111,149,10.28
REG-0012111,150,8.64
REG-0012111,151,6.49
REG-0012112,138,124
REG-0012112,139,148
REG-0012112,140,BUENA
REG-0012112,141,0.08
REG-0012112,142,0.32
REG-0012112,143,1.79
REG-0012112,144,9.49
REG-0012112,145,11.28
REG-0012112,146,15.94
REG-0012112,147,19.7
REG-0012112,148,16.3
REG-0012112,149,9.99
REG-0012112,150,5.27
REG-0012112,151,2.79
REG-0012113,138,130
REG-0012113,139,160
REG-0012113,140,BUENA
REG-0012113,141,0.01
REG-0012113,142,0.13
REG-0012113,143,1.72
REG-0012113,144,10.61
REG-0012113,145,13.69
REG-0012113,146,11.01
REG-0012113,147,11
REG-0012113,148,11.19
REG-0012113,149,10.2
REG-0012113,150,8.96
REG-0012113,151,7.25
REG-0012114,138,129
REG-0012114,139,158
REG-0012114,140,BUENA
REG-0012114,141,0.02
REG-0012114,142,0.12
REG-0012114,143,1.34
REG-0012114,144,8.43
REG-0012114,145,15.38
REG-0012114,146,11.61
REG-0012114,147,10.49
REG-0012114,148,10.68
REG-0012114,149,9.84
REG-0012114,150,8.85
REG-0012114,151,7.33
REG-0012115,138,126
REG-0012115,139,152
REG-0012115,140,BUENA
REG-0012115,141,0.11
REG-0012115,142,0.27
REG-0012115,143,1.36
REG-0012115,144,7.39
REG-0012115,145,9.44
REG-0012115,146,11.18
REG-0012115,147,14.8
REG-0012115,148,16.32
REG-0012115,149,14.3
REG-0012115,150,10.11
REG-0012115,151,5.92
REG-0012116,138,130
REG-0012116,139,160
REG-0012116,140,BUENA
REG-0012116,141,0.01
REG-0012116,142,0.16
REG-0012116,143,1.71
REG-0012116,144,11.16
REG-0012116,145,14.47
REG-0012116,146,11.86
REG-0012116,147,11.56
REG-0012116,148,11.72
REG-0012116,149,10.81
REG-0012116,150,8.92
REG-0012116,151,6.55
REG-0012117,138,125
REG-0012117,139,150
REG-0012117,140,BUENA
REG-0012117,141,0.08
REG-0012117,142,0.25
REG-0012117,143,1.61
REG-0012117,144,8.73
REG-0012117,145,11.31
REG-0012117,146,14.57
REG-0012117,147,18.7
REG-0012117,148,16.46
REG-0012117,149,10.7
REG-0012117,150,6.02
REG-0012117,151,3.21
REG-0012118,138,125
REG-0012118,139,150
REG-0012118,140,BUENA
REG-0012118,141,0.02
REG-0012118,142,0.05
REG-0012118,143,0.92
REG-0012118,144,6.71
REG-0012118,145,12.93
REG-0012118,146,11.4
REG-0012118,147,10.6
REG-0012118,148,10.21
REG-0012118,149,10.57
REG-0012118,150,9.75
REG-0012118,151,8.27
REG-0012119,138,128
REG-0012119,139,156
REG-0012119,140,BUENA
REG-0012119,141,0.03
REG-0012119,142,0.16
REG-0012119,143,0.87
REG-0012119,144,3.67
REG-0012119,145,5.22
REG-0012119,146,4.88
REG-0012119,147,6.04
REG-0012119,148,8.09
REG-0012119,149,10.05
REG-0012119,150,11.66
REG-0012119,151,11.98
REG-0012120,138,120
REG-0012120,139,140
REG-0012120,140,BUENA
REG-0012120,141,0.02
REG-0012120,142,0.13
REG-0012120,143,1.75
REG-0012120,144,10.18
REG-0012120,145,13.8
REG-0012120,146,10.57
REG-0012120,147,10.19
REG-0012120,148,10.59
REG-0012120,149,10.23
REG-0012120,150,9.19
REG-0012120,151,7.63
REG-0012121,138,122
REG-0012121,139,144
REG-0012121,140,BUENA
REG-0012121,141,0.04
REG-0012121,142,0.18
REG-0012121,143,1.76
REG-0012121,144,9.55
REG-0012121,145,15.06
REG-0012121,146,11.18
REG-0012121,147,10.53
REG-0012121,148,10.43
REG-0012121,149,10.05
REG-0012121,150,8.86
REG-0012121,151,7.25
REG-0012122,138,120
REG-0012122,139,140
REG-0012122,140,BUENA
REG-0012122,141,0.03
REG-0012122,142,0.14
REG-0012122,143,0.71
REG-0012122,144,5.21
REG-0012122,145,9.52
REG-0012122,146,9.92
REG-0012122,147,13.39
REG-0012122,148,14.93
REG-0012122,149,14.09
REG-0012122,150,11.34
REG-0012122,151,7.47
REG-0012123,138,120
REG-0012123,139,140
REG-0012123,140,BUENA
REG-0012123,141,0.03
REG-0012123,142,0.17
REG-0012123,143,0.58
REG-0012123,144,4.72
REG-0012123,145,11.92
REG-0012123,146,11.98
REG-0012123,147,15.11
REG-0012123,148,16.72
REG-0012123,149,13.36
REG-0012123,150,8.54
REG-0012123,151,4.76
REG-0012124,138,123
REG-0012124,139,146
REG-0012124,140,BUENA
REG-0012124,141,0.07
REG-0012124,142,0.26
REG-0012124,143,1.16
REG-0012124,144,6.4
REG-0012124,145,9.35
REG-0012124,146,11.62
REG-0012124,147,13.61
REG-0012124,148,14.69
REG-0012124,149,12.7
REG-0012124,150,9.5
REG-0012124,151,6.48
REG-0012125,138,123
REG-0012125,139,146
REG-0012125,140,BUENA
REG-0012125,141,0.03
REG-0012125,142,0.12
REG-0012125,143,1.92
REG-0012125,144,13.51
REG-0012125,145,17.02
REG-0012125,146,21.5
REG-0012125,147,19.77
REG-0012125,148,11.3
REG-0012125,149,5.55
REG-0012125,150,2.91
REG-0012125,151,1.78
REG-0012126,138,120
REG-0012126,139,140
REG-0012126,140,BUENA
REG-0012126,141,0.1
REG-0012126,142,0.2
REG-0012126,143,0.88
REG-0012126,144,6.08
REG-0012126,145,10.57
REG-0012126,146,12.43
REG-0012126,147,15.79
REG-0012126,148,16.84
REG-0012126,149,13.05
REG-0012126,150,8.42
REG-0012126,151,4.67
REG-0012127,138,120
REG-0012127,139,140
REG-0012127,140,BUENA
REG-0012127,141,0.03
REG-0012127,142,0.1
REG-0012127,143,0.39
REG-0012127,144,2.49
REG-0012127,145,6.24
REG-0012127,146,5.87
REG-0012127,147,7.27
REG-0012127,148,8.75
REG-0012127,149,10.29
REG-0012127,150,11.08
REG-0012127,151,10.86
REG-0012128,138,128
REG-0012128,139,156
REG-0012128,140,BUENA
REG-0012128,141,0.03
REG-0012128,142,0.16
REG-0012128,143,1.13
REG-0012128,144,7.97
REG-0012128,145,11.37
REG-0012128,146,14.32
REG-0012128,147,17.48
REG-0012128,148,15.93
REG-0012128,149,11.19
REG-0012128,150,6.88
REG-0012128,151,3.92
REG-0012129,138,130
REG-0012129,139,160
REG-0012129,140,BUENA
REG-0012129,141,0.02
REG-0012129,142,0.16
REG-0012129,143,0.68
REG-0012129,144,3.5
REG-0012129,145,6.37
REG-0012129,146,6.07
REG-0012129,147,6.73
REG-0012129,148,7.13
REG-0012129,149,7.46
REG-0012129,150,7.92
REG-0012129,151,8.32
REG-0012130,138,142
REG-0012130,139,184
REG-0012130,140,BUENA
REG-0012130,141,0.01
REG-0012130,142,0.05
REG-0012130,143,1.42
REG-0012130,144,12.06
REG-0012130,145,17.11
REG-0012130,146,19.83
REG-0012130,147,17.68
REG-0012130,148,11.51
REG-0012130,149,7.14
REG-0012130,150,4.32
REG-0012130,151,2.49
REG-0012131,138,138
REG-0012131,139,176
REG-0012131,140,BUENA
REG-0012131,141,0.02
REG-0012131,142,0.09
REG-0012131,143,1.63
REG-0012131,144,11.52
REG-0012131,145,14.83
REG-0012131,146,15.93
REG-0012131,147,17.05
REG-0012131,148,14.09
REG-0012131,149,8.86
REG-0012131,150,4.99
REG-0012131,151,2.83
REG-0012132,138,136
REG-0012132,139,172
REG-0012132,140,BUENA
REG-0012132,141,0.02
REG-0012132,142,0.15
REG-0012132,143,1.79
REG-0012132,144,9.94
REG-0012132,145,12.96
REG-0012132,146,13.41
REG-0012132,147,14.89
REG-0012132,148,14.34
REG-0012132,149,11.03
REG-0012132,150,7.36
REG-0012132,151,4.46
REG-0012133,138,140
REG-0012133,139,180
REG-0012133,140,BUENA
REG-0012133,141,0.02
REG-0012133,142,0.1
REG-0012133,143,1.61
REG-0012133,144,11.59
REG-0012133,145,15.25
REG-0012133,146,16.49
REG-0012133,147,16.12
REG-0012133,148,13.12
REG-0012133,149,8.9
REG-0012133,150,5.41
REG-0012133,151,3.18
REG-0012134,138,127
REG-0012134,139,154
REG-0012134,140,BUENA
REG-0012134,141,0.06
REG-0012134,142,0.32
REG-0012134,143,2
REG-0012134,144,7.5
REG-0012134,145,7.59
REG-0012134,146,7.11
REG-0012134,147,8.5
REG-0012134,148,10.09
REG-0012134,149,10.81
REG-0012134,150,10.78
REG-0012134,151,9.55
REG-0012135,138,127
REG-0012135,139,154
REG-0012135,140,BUENA
REG-0012135,141,0.02
REG-0012135,142,0.03
REG-0012135,143,0.65
REG-0012135,144,5.83
REG-0012135,145,10.5
REG-0012135,146,15.76
REG-0012135,147,18.65
REG-0012135,148,16.19
REG-0012135,149,10.56
REG-0012135,150,6.1
REG-0012135,151,3.69
REG-0012136,138,123
REG-0012136,139,146
REG-0012136,140,BUENA
REG-0012136,141,0.03
REG-0012136,142,0.17
REG-0012136,143,1.38
REG-0012136,144,9.2
REG-0012136,145,13.17
REG-0012136,146,14.19
REG-0012136,147,15.95
REG-0012136,148,15.27
REG-0012136,149,10.28
REG-0012136,150,5.98
REG-0012136,151,3.43
REG-0012137,138,120
REG-0012137,139,140
REG-0012137,140,BUENA
REG-0012137,141,0.05
REG-0012137,142,0.29
REG-0012137,143,1.84
REG-0012137,144,8.78
REG-0012137,145,10.98
REG-0012137,146,10.48
REG-0012137,147,11.89
REG-0012137,148,12.13
REG-0012137,149,10.31
REG-0012137,150,8.57
REG-0012137,151,6.65
REG-0012138,138,130
REG-0012138,139,160
REG-0012138,140,BUENA
REG-0012138,141,0.01
REG-0012138,142,0.07
REG-0012138,143,2.12
REG-0012138,144,17.66
REG-0012138,145,23.75
REG-0012138,146,22.33
REG-0012138,147,13.64
REG-0012138,148,6.84
REG-0012138,149,3.64
REG-0012138,150,2.23
REG-0012138,151,1.59
REG-0012139,138,128
REG-0012139,139,156
REG-0012139,140,BUENA
REG-0012139,141,0.03
REG-0012139,142,0.42
REG-0012139,143,4.98
REG-0012139,144,25.45
REG-0012139,145,22.97
REG-0012139,146,14.75
REG-0012139,147,9.25
REG-0012139,148,5.77
REG-0012139,149,4.27
REG-0012139,150,3.16
REG-0012139,151,2.23
REG-0012140,138,131
REG-0012140,139,162
REG-0012140,140,BUENA
REG-0012140,141,0.05
REG-0012140,142,0.15
REG-0012140,143,1.49
REG-0012140,144,10.36
REG-0012140,145,14.27
REG-0012140,146,14.64
REG-0012140,147,14.54
REG-0012140,148,13.06
REG-0012140,149,9.87
REG-0012140,150,6.43
REG-0012140,151,3.96
REG-0012141,138,139
REG-0012141,139,178
REG-0012141,140,BUENA
REG-0012141,141,0.02
REG-0012141,142,0.14
REG-0012141,143,1.12
REG-0012141,144,4.54
REG-0012141,145,6.47
REG-0012141,146,5.24
REG-0012141,147,6.32
REG-0012141,148,8.09
REG-0012141,149,9.03
REG-0012141,150,9.72
REG-0012141,151,9.67
REG-0012142,138,138
REG-0012142,139,176
REG-0012142,140,BUENA
REG-0012142,141,0.03
REG-0012142,142,0.1
REG-0012142,143,1.07
REG-0012142,144,7.43
REG-0012142,145,9.92
REG-0012142,146,12.8
REG-0012142,147,17.69
REG-0012142,148,17.1
REG-0012142,149,12.29
REG-0012142,150,7.42
REG-0012142,151,4.4
REG-0012143,138,136
REG-0012143,139,172
REG-0012143,140,BUENA
REG-0012143,141,0.03
REG-0012143,142,0.18
REG-0012143,143,1.29
REG-0012143,144,7.4
REG-0012143,145,9.07
REG-0012143,146,10.18
REG-0012143,147,13.23
REG-0012143,148,14.86
REG-0012143,149,13.42
REG-0012143,150,10.15
REG-0012143,151,6.5
REG-0012144,138,138
REG-0012144,139,176
REG-0012144,140,BUENA
REG-0012144,141,0.04
REG-0012144,142,0.13
REG-0012144,143,1.02
REG-0012144,144,6.53
REG-0012144,145,8.61
REG-0012144,146,10
REG-0012144,147,13.16
REG-0012144,148,13.98
REG-0012144,149,11.82
REG-0012144,150,8.91
REG-0012144,151,6.39
REG-0012145,138,
REG-0012145,139,-100
REG-0012145,140,
REG-0012145,141,0.05
REG-0012145,142,0.25
REG-0012145,143,1.3
REG-0012145,144,5.29
REG-0012145,145,6.82
REG-0012145,146,6.68
REG-0012145,147,7.33
REG-0012145,148,8.95
REG-0012145,149,10.52
REG-0012145,150,10.98
REG-0012145,151,10.22
